disco,date,band,billing_naira
AEDC,01/11/2020,lifeline,33055.36
AEDC,01/11/2020,band_a,6867847106
AEDC,01/11/2020,band_b,1510874692
AEDC,01/11/2020,band_c,784706243.9
AEDC,01/11/2020,band_d,1305778398
AEDC,01/11/2020,band_e,315883017.8
AEDC,01/12/2020,lifeline,172822.47
AEDC,01/12/2020,band_a,7219051513
AEDC,01/12/2020,band_b,1175020939
AEDC,01/12/2020,band_c,747937051.8
AEDC,01/12/2020,band_d,1292806375
AEDC,01/12/2020,band_e,286982405.5
AEDC,01/01/2021,lifeline,412772.03
AEDC,01/01/2021,band_a,6917325074
AEDC,01/01/2021,band_b,1122013971
AEDC,01/01/2021,band_c,827180937.7
AEDC,01/01/2021,band_d,1535342500
AEDC,01/01/2021,band_e,334961743.4
AEDC,01/02/2021,lifeline,1155520.66
AEDC,01/02/2021,band_a,7374352035
AEDC,01/02/2021,band_b,1510649784
AEDC,01/02/2021,band_c,854839352
AEDC,01/02/2021,band_d,1308272529
AEDC,01/02/2021,band_e,263981556.4
AEDC,01/03/2021,lifeline,20173.19
AEDC,01/03/2021,band_a,7855797831
AEDC,01/03/2021,band_b,1344994791
AEDC,01/03/2021,band_c,822993732.8
AEDC,01/03/2021,band_d,1466592320
AEDC,01/03/2021,band_e,285701619.3
AEDC,01/04/2021,lifeline,7217.96
AEDC,01/04/2021,band_a,7614475755
AEDC,01/04/2021,band_b,1236943743
AEDC,01/04/2021,band_c,830262471.2
AEDC,01/04/2021,band_d,1507846815
AEDC,01/04/2021,band_e,279398185.9
AEDC,01/05/2021,lifeline,6644.69
AEDC,01/05/2021,band_a,6939772478
AEDC,01/05/2021,band_b,1122013971
AEDC,01/05/2021,band_c,710618182.4
AEDC,01/05/2021,band_d,1439441844
AEDC,01/05/2021,band_e,265603610.3
AEDC,01/06/2021,lifeline,31216.04
AEDC,01/06/2021,band_a,6781579761
AEDC,01/06/2021,band_b,1115894488
AEDC,01/06/2021,band_c,779507821.6
AEDC,01/06/2021,band_d,1383601262
AEDC,01/06/2021,band_e,263889166.5
AEDC,01/07/2021,lifeline,79245.79
AEDC,01/07/2021,band_a,7372676168
AEDC,01/07/2021,band_b,1311061314
AEDC,01/07/2021,band_c,948436073.6
AEDC,01/07/2021,band_d,1517167294
AEDC,01/07/2021,band_e,302681558.5
AEDC,01/08/2021,lifeline,266470.25
AEDC,01/08/2021,band_a,7317788090
AEDC,01/08/2021,band_b,1175647602
AEDC,01/08/2021,band_c,846287262.9
AEDC,01/08/2021,band_d,1451253179
AEDC,01/08/2021,band_e,284990565.5
AEDC,01/09/2021,lifeline,139194.93
AEDC,01/09/2021,band_a,7871482638
AEDC,01/09/2021,band_b,1231655359
AEDC,01/09/2021,band_c,848245594.7
AEDC,01/09/2021,band_d,1513205629
AEDC,01/09/2021,band_e,268651363.7
AEDC,01/10/2021,lifeline,73376.57
AEDC,01/10/2021,band_a,8241353863
AEDC,01/10/2021,band_b,1326972706
AEDC,01/10/2021,band_c,867047795.6
AEDC,01/10/2021,band_d,1547967447
AEDC,01/10/2021,band_e,287458277.5
AEDC,01/11/2021,lifeline,112870.29
AEDC,01/11/2021,band_a,8818827983
AEDC,01/11/2021,band_b,1357020423
AEDC,01/11/2021,band_c,907407101.6
AEDC,01/11/2021,band_d,1614753791
AEDC,01/11/2021,band_e,295808993.9
AEDC,01/12/2021,lifeline,234947.73
AEDC,01/12/2021,band_a,8161037341
AEDC,01/12/2021,band_b,1263626311
AEDC,01/12/2021,band_c,879474265.8
AEDC,01/12/2021,band_d,1559328527
AEDC,01/12/2021,band_e,291726508.4
AEDC,01/01/2022,lifeline,782872.29
AEDC,01/01/2022,band_a,7943472533
AEDC,01/01/2022,band_b,1242714425
AEDC,01/01/2022,band_c,895587170.9
AEDC,01/01/2022,band_d,1560129787
AEDC,01/01/2022,band_e,266233001.3
AEDC,01/02/2022,lifeline,121995.44
AEDC,01/02/2022,band_a,7976520587
AEDC,01/02/2022,band_b,1295334990
AEDC,01/02/2022,band_c,852650963.2
AEDC,01/02/2022,band_d,1728831265
AEDC,01/02/2022,band_e,279535189.9
AEDC,01/03/2022,lifeline,90968.55
AEDC,01/03/2022,band_a,8142749180
AEDC,01/03/2022,band_b,1437360180
AEDC,01/03/2022,band_c,852499220.4
AEDC,01/03/2022,band_d,1753686416
AEDC,01/03/2022,band_e,265806920.5
AEDC,01/04/2022,lifeline,222475.84
AEDC,01/04/2022,band_a,7774549745
AEDC,01/04/2022,band_b,1313096945
AEDC,01/04/2022,band_c,784915752.5
AEDC,01/04/2022,band_d,1747579594
AEDC,01/04/2022,band_e,269748214.4
AEDC,01/05/2022,lifeline,39879.84
AEDC,01/05/2022,band_a,7215299739
AEDC,01/05/2022,band_b,1152393590
AEDC,01/05/2022,band_c,732085549.1
AEDC,01/05/2022,band_d,1539062118
AEDC,01/05/2022,band_e,252969864.5
AEDC,01/06/2022,lifeline,33590.27
AEDC,01/06/2022,band_a,7074516918
AEDC,01/06/2022,band_b,1266686177
AEDC,01/06/2022,band_c,770684868.5
AEDC,01/06/2022,band_d,1621922275
AEDC,01/06/2022,band_e,301706440.5
AEDC,01/07/2022,lifeline,82532.23
AEDC,01/07/2022,band_a,7924227353
AEDC,01/07/2022,band_b,1506387056
AEDC,01/07/2022,band_c,887874436
AEDC,01/07/2022,band_d,1762852734
AEDC,01/07/2022,band_e,373950259.2
AEDC,01/08/2022,lifeline,99776.68
AEDC,01/08/2022,band_a,8053683052
AEDC,01/08/2022,band_b,1618369912
AEDC,01/08/2022,band_c,945893560.1
AEDC,01/08/2022,band_d,2273029788
AEDC,01/08/2022,band_e,361511071.6
AEDC,01/09/2022,lifeline,22773.14
AEDC,01/09/2022,band_a,8456326089
AEDC,01/09/2022,band_b,1606250430
AEDC,01/09/2022,band_c,907413853.3
AEDC,01/09/2022,band_d,2215245833
AEDC,01/09/2022,band_e,379684684.9
BEDC,01/11/2020,lifeline,0
BEDC,01/11/2020,band_a,2370200777
BEDC,01/11/2020,band_b,1515550178
BEDC,01/11/2020,band_c,2037758957
BEDC,01/11/2020,band_d,1375187004
BEDC,01/11/2020,band_e,1852847494
BEDC,01/12/2020,lifeline,0
BEDC,01/12/2020,band_a,2335029102
BEDC,01/12/2020,band_b,1294740431
BEDC,01/12/2020,band_c,2059570751
BEDC,01/12/2020,band_d,1337391775
BEDC,01/12/2020,band_e,1868317139
BEDC,01/01/2021,lifeline,0
BEDC,01/01/2021,band_a,2414836824
BEDC,01/01/2021,band_b,1286713146
BEDC,01/01/2021,band_c,2168145012
BEDC,01/01/2021,band_d,1403300806
BEDC,01/01/2021,band_e,1827489338
BEDC,01/02/2021,lifeline,0
BEDC,01/02/2021,band_a,2316783644
BEDC,01/02/2021,band_b,1108065787
BEDC,01/02/2021,band_c,1950808542
BEDC,01/02/2021,band_d,1168150308
BEDC,01/02/2021,band_e,1625441794
BEDC,01/03/2021,lifeline,0
BEDC,01/03/2021,band_a,2046754945
BEDC,01/03/2021,band_b,1444625213
BEDC,01/03/2021,band_c,1859151569
BEDC,01/03/2021,band_d,1292631091
BEDC,01/03/2021,band_e,2208075617
BEDC,01/04/2021,lifeline,0
BEDC,01/04/2021,band_a,1951371571
BEDC,01/04/2021,band_b,1532231055
BEDC,01/04/2021,band_c,1903352511
BEDC,01/04/2021,band_d,1061478074
BEDC,01/04/2021,band_e,2058136341
BEDC,01/05/2021,lifeline,0
BEDC,01/05/2021,band_a,1783833442
BEDC,01/05/2021,band_b,1756507156
BEDC,01/05/2021,band_c,2034888011
BEDC,01/05/2021,band_d,1071965352
BEDC,01/05/2021,band_e,2120761752
BEDC,01/06/2021,lifeline,0
BEDC,01/06/2021,band_a,1894401161
BEDC,01/06/2021,band_b,1374765574
BEDC,01/06/2021,band_c,1742186826
BEDC,01/06/2021,band_d,974168952.9
BEDC,01/06/2021,band_e,2171108647
BEDC,01/07/2021,lifeline,0
BEDC,01/07/2021,band_a,1997462380
BEDC,01/07/2021,band_b,1395798890
BEDC,01/07/2021,band_c,1933361129
BEDC,01/07/2021,band_d,1116377691
BEDC,01/07/2021,band_e,2286070870
BEDC,01/08/2021,lifeline,0
BEDC,01/08/2021,band_a,2143468930
BEDC,01/08/2021,band_b,1486932581
BEDC,01/08/2021,band_c,1758003557
BEDC,01/08/2021,band_d,1072043067
BEDC,01/08/2021,band_e,1970994670
BEDC,01/09/2021,lifeline,330347.5
BEDC,01/09/2021,band_a,2084092834
BEDC,01/09/2021,band_b,1685175941
BEDC,01/09/2021,band_c,2154935677
BEDC,01/09/2021,band_d,1556724854
BEDC,01/09/2021,band_e,1838216391
BEDC,01/10/2021,lifeline,238791.9
BEDC,01/10/2021,band_a,2018657063
BEDC,01/10/2021,band_b,1574529260
BEDC,01/10/2021,band_c,2083728906
BEDC,01/10/2021,band_d,2038863494
BEDC,01/10/2021,band_e,1811118194
BEDC,01/11/2021,lifeline,347676.5
BEDC,01/11/2021,band_a,1779462864
BEDC,01/11/2021,band_b,1715730809
BEDC,01/11/2021,band_c,2534884568
BEDC,01/11/2021,band_d,1692830609
BEDC,01/11/2021,band_e,2243870577
BEDC,01/12/2021,lifeline,103372
BEDC,01/12/2021,band_a,1938529632
BEDC,01/12/2021,band_b,1834897765
BEDC,01/12/2021,band_c,2404726241
BEDC,01/12/2021,band_d,1693958247
BEDC,01/12/2021,band_e,2315183317
BEDC,01/01/2022,lifeline,333503.7
BEDC,01/01/2022,band_a,2107030992
BEDC,01/01/2022,band_b,1708849793
BEDC,01/01/2022,band_c,2347615279
BEDC,01/01/2022,band_d,1598730131
BEDC,01/01/2022,band_e,2136724634
BEDC,01/02/2022,lifeline,329650.9
BEDC,01/02/2022,band_a,2923449210
BEDC,01/02/2022,band_b,1622421513
BEDC,01/02/2022,band_c,2282897824
BEDC,01/02/2022,band_d,1618639240
BEDC,01/02/2022,band_e,2196024250
BEDC,01/03/2022,lifeline,239725
BEDC,01/03/2022,band_a,2293134219
BEDC,01/03/2022,band_b,1349581828
BEDC,01/03/2022,band_c,2080448643
BEDC,01/03/2022,band_d,1369598039
BEDC,01/03/2022,band_e,1841685318
BEDC,01/04/2022,lifeline,230948.7
BEDC,01/04/2022,band_a,2277119292
BEDC,01/04/2022,band_b,1420494910
BEDC,01/04/2022,band_c,2178097904
BEDC,01/04/2022,band_d,1509721023
BEDC,01/04/2022,band_e,1918555834
BEDC,01/05/2022,lifeline,384033
BEDC,01/05/2022,band_a,1943339925
BEDC,01/05/2022,band_b,1373085616
BEDC,01/05/2022,band_c,1991936708
BEDC,01/05/2022,band_d,1410033362
BEDC,01/05/2022,band_e,1836056229
BEDC,01/06/2022,lifeline,485646.3
BEDC,01/06/2022,band_a,2179173604
BEDC,01/06/2022,band_b,1508433885
BEDC,01/06/2022,band_c,2250875947
BEDC,01/06/2022,band_d,1575360312
BEDC,01/06/2022,band_e,2258218468
BEDC,01/07/2022,lifeline,401340.5
BEDC,01/07/2022,band_a,2325568059
BEDC,01/07/2022,band_b,1498537726
BEDC,01/07/2022,band_c,2281601011
BEDC,01/07/2022,band_d,1699723416
BEDC,01/07/2022,band_e,2255279463
BEDC,01/08/2022,lifeline,396202
BEDC,01/08/2022,band_a,3053722018
BEDC,01/08/2022,band_b,1483001632
BEDC,01/08/2022,band_c,2113213826
BEDC,01/08/2022,band_d,1717124834
BEDC,01/08/2022,band_e,2249247733
BEDC,01/09/2022,lifeline,380519.9
BEDC,01/09/2022,band_a,3137765569
BEDC,01/09/2022,band_b,1528471648
BEDC,01/09/2022,band_c,2314962860
BEDC,01/09/2022,band_d,1665392321
BEDC,01/09/2022,band_e,2253485779
EKEDC,01/11/2020,lifeline,0
EKEDC,01/11/2020,band_a,3094375511
EKEDC,01/11/2020,band_b,4018539131
EKEDC,01/11/2020,band_c,1962142087
EKEDC,01/11/2020,band_d,2120536391
EKEDC,01/11/2020,band_e,650553068.5
EKEDC,01/12/2020,lifeline,0
EKEDC,01/12/2020,band_a,3622535204
EKEDC,01/12/2020,band_b,4504881833
EKEDC,01/12/2020,band_c,2221140175
EKEDC,01/12/2020,band_d,2277272508
EKEDC,01/12/2020,band_e,645518193.6
EKEDC,01/01/2021,lifeline,0
EKEDC,01/01/2021,band_a,3463897612
EKEDC,01/01/2021,band_b,4360445168
EKEDC,01/01/2021,band_c,2205168029
EKEDC,01/01/2021,band_d,2360346576
EKEDC,01/01/2021,band_e,619778026.7
EKEDC,01/02/2021,lifeline,0
EKEDC,01/02/2021,band_a,2995133565
EKEDC,01/02/2021,band_b,4087072323
EKEDC,01/02/2021,band_c,2136471844
EKEDC,01/02/2021,band_d,2088669055
EKEDC,01/02/2021,band_e,619242550.5
EKEDC,01/03/2021,lifeline,0
EKEDC,01/03/2021,band_a,2977376513
EKEDC,01/03/2021,band_b,3950468755
EKEDC,01/03/2021,band_c,2155429545
EKEDC,01/03/2021,band_d,1952087517
EKEDC,01/03/2021,band_e,556862360.6
EKEDC,01/04/2021,lifeline,0
EKEDC,01/04/2021,band_a,3230713091
EKEDC,01/04/2021,band_b,4120883861
EKEDC,01/04/2021,band_c,2094443019
EKEDC,01/04/2021,band_d,1805658213
EKEDC,01/04/2021,band_e,587874256
EKEDC,01/05/2021,lifeline,0
EKEDC,01/05/2021,band_a,3060281303
EKEDC,01/05/2021,band_b,3773275413
EKEDC,01/05/2021,band_c,2130406391
EKEDC,01/05/2021,band_d,1943843052
EKEDC,01/05/2021,band_e,613707785.8
EKEDC,01/06/2021,lifeline,0
EKEDC,01/06/2021,band_a,2805608655
EKEDC,01/06/2021,band_b,3337524104
EKEDC,01/06/2021,band_c,2037030868
EKEDC,01/06/2021,band_d,1887495526
EKEDC,01/06/2021,band_e,551578015.4
EKEDC,01/07/2021,lifeline,0
EKEDC,01/07/2021,band_a,2887397618
EKEDC,01/07/2021,band_b,3396681169
EKEDC,01/07/2021,band_c,2194787582
EKEDC,01/07/2021,band_d,2199108450
EKEDC,01/07/2021,band_e,665120955.4
EKEDC,01/08/2021,lifeline,0
EKEDC,01/08/2021,band_a,3039731714
EKEDC,01/08/2021,band_b,3807842756
EKEDC,01/08/2021,band_c,2097054740
EKEDC,01/08/2021,band_d,2322068090
EKEDC,01/08/2021,band_e,721355158.2
EKEDC,01/09/2021,lifeline,0
EKEDC,01/09/2021,band_a,2954085414
EKEDC,01/09/2021,band_b,3806908979
EKEDC,01/09/2021,band_c,1960173391
EKEDC,01/09/2021,band_d,2263463692
EKEDC,01/09/2021,band_e,733752698.9
EKEDC,01/10/2021,lifeline,0
EKEDC,01/10/2021,band_a,3383048263
EKEDC,01/10/2021,band_b,4263207961
EKEDC,01/10/2021,band_c,2299320891
EKEDC,01/10/2021,band_d,2496042573
EKEDC,01/10/2021,band_e,749329913.8
EKEDC,01/11/2021,lifeline,0
EKEDC,01/11/2021,band_a,3452108770
EKEDC,01/11/2021,band_b,4328734595
EKEDC,01/11/2021,band_c,2254898777
EKEDC,01/11/2021,band_d,2409305112
EKEDC,01/11/2021,band_e,729955738.1
EKEDC,01/12/2021,lifeline,0
EKEDC,01/12/2021,band_a,3580720468
EKEDC,01/12/2021,band_b,4249075674
EKEDC,01/12/2021,band_c,2060730699
EKEDC,01/12/2021,band_d,2144008874
EKEDC,01/12/2021,band_e,640741659.5
EKEDC,01/01/2022,lifeline,0
EKEDC,01/01/2022,band_a,3273866528
EKEDC,01/01/2022,band_b,3697691070
EKEDC,01/01/2022,band_c,1847715201
EKEDC,01/01/2022,band_d,1988267184
EKEDC,01/01/2022,band_e,596512983.6
EKEDC,01/02/2022,lifeline,0
EKEDC,01/02/2022,band_a,4137658084
EKEDC,01/02/2022,band_b,2956788136
EKEDC,01/02/2022,band_c,1902688034
EKEDC,01/02/2022,band_d,1430851991
EKEDC,01/02/2022,band_e,280548860.9
EKEDC,01/03/2022,lifeline,0
EKEDC,01/03/2022,band_a,3727970090
EKEDC,01/03/2022,band_b,2530467982
EKEDC,01/03/2022,band_c,1681196895
EKEDC,01/03/2022,band_d,1240671802
EKEDC,01/03/2022,band_e,246481134.2
EKEDC,01/04/2022,lifeline,0
EKEDC,01/04/2022,band_a,3721272882
EKEDC,01/04/2022,band_b,2913512176
EKEDC,01/04/2022,band_c,1842156678
EKEDC,01/04/2022,band_d,1405932881
EKEDC,01/04/2022,band_e,257284717.8
EKEDC,01/05/2022,lifeline,0
EKEDC,01/05/2022,band_a,4189449835
EKEDC,01/05/2022,band_b,3086817894
EKEDC,01/05/2022,band_c,1717361461
EKEDC,01/05/2022,band_d,1494521697
EKEDC,01/05/2022,band_e,263217360.7
EKEDC,01/06/2022,lifeline,0
EKEDC,01/06/2022,band_a,3650751330
EKEDC,01/06/2022,band_b,2547848483
EKEDC,01/06/2022,band_c,1445218798
EKEDC,01/06/2022,band_d,1151704074
EKEDC,01/06/2022,band_e,194394851.2
EKEDC,01/07/2022,lifeline,0
EKEDC,01/07/2022,band_a,3998618314
EKEDC,01/07/2022,band_b,3258203401
EKEDC,01/07/2022,band_c,1675010556
EKEDC,01/07/2022,band_d,1341720132
EKEDC,01/07/2022,band_e,212737866.9
EKEDC,01/08/2022,lifeline,0
EKEDC,01/08/2022,band_a,4355839990
EKEDC,01/08/2022,band_b,3814673998
EKEDC,01/08/2022,band_c,2039843840
EKEDC,01/08/2022,band_d,1615271688
EKEDC,01/08/2022,band_e,293113458.9
EKEDC,01/09/2022,lifeline,0
EKEDC,01/09/2022,band_a,4720797862
EKEDC,01/09/2022,band_b,4149338411
EKEDC,01/09/2022,band_c,2205349893
EKEDC,01/09/2022,band_d,1766379930
EKEDC,01/09/2022,band_e,110569836.7
EEDC,01/11/2020,lifeline,163829.92
EEDC,01/11/2020,band_a,2069861824
EEDC,01/11/2020,band_b,1673176036
EEDC,01/11/2020,band_c,3966127187
EEDC,01/11/2020,band_d,853068285.2
EEDC,01/11/2020,band_e,275530862
EEDC,01/12/2020,lifeline,99299.65
EEDC,01/12/2020,band_a,2283075472
EEDC,01/12/2020,band_b,2230530453
EEDC,01/12/2020,band_c,4065440857
EEDC,01/12/2020,band_d,1056540475
EEDC,01/12/2020,band_e,345756712.2
EEDC,01/01/2021,lifeline,78524.794
EEDC,01/01/2021,band_a,2289816836
EEDC,01/01/2021,band_b,2371494610
EEDC,01/01/2021,band_c,4334411042
EEDC,01/01/2021,band_d,1112388423
EEDC,01/01/2021,band_e,288749894.1
EEDC,01/02/2021,lifeline,689837.1477
EEDC,01/02/2021,band_a,2178293371
EEDC,01/02/2021,band_b,2066973999
EEDC,01/02/2021,band_c,3784488104
EEDC,01/02/2021,band_d,1118354919
EEDC,01/02/2021,band_e,317212204.1
EEDC,01/03/2021,lifeline,425488.3667
EEDC,01/03/2021,band_a,2089713549
EEDC,01/03/2021,band_b,2002883708
EEDC,01/03/2021,band_c,3773263039
EEDC,01/03/2021,band_d,1117724452
EEDC,01/03/2021,band_e,262183060.4
EEDC,01/04/2021,lifeline,269329.8894
EEDC,01/04/2021,band_a,2043026268
EEDC,01/04/2021,band_b,1859781262
EEDC,01/04/2021,band_c,3541374128
EEDC,01/04/2021,band_d,951834308.5
EEDC,01/04/2021,band_e,221785186
EEDC,01/05/2021,lifeline,254216.6906
EEDC,01/05/2021,band_a,2013990211
EEDC,01/05/2021,band_b,1779814922
EEDC,01/05/2021,band_c,3723583776
EEDC,01/05/2021,band_d,986599518.9
EEDC,01/05/2021,band_e,222947149.9
EEDC,01/06/2021,lifeline,213264.444
EEDC,01/06/2021,band_a,1868569461
EEDC,01/06/2021,band_b,1498918273
EEDC,01/06/2021,band_c,3229539996
EEDC,01/06/2021,band_d,1075027537
EEDC,01/06/2021,band_e,325374211.7
EEDC,01/07/2021,lifeline,210265.4703
EEDC,01/07/2021,band_a,1921953382
EEDC,01/07/2021,band_b,1642750553
EEDC,01/07/2021,band_c,3557924150
EEDC,01/07/2021,band_d,1212516418
EEDC,01/07/2021,band_e,426125610.8
EEDC,01/08/2021,lifeline,162790.9824
EEDC,01/08/2021,band_a,1788997373
EEDC,01/08/2021,band_b,1670479681
EEDC,01/08/2021,band_c,3385156611
EEDC,01/08/2021,band_d,1220874323
EEDC,01/08/2021,band_e,385098704.7
EEDC,01/09/2021,lifeline,153095.5477
EEDC,01/09/2021,band_a,1770118599
EEDC,01/09/2021,band_b,1708569900
EEDC,01/09/2021,band_c,3372041074
EEDC,01/09/2021,band_d,1274523113
EEDC,01/09/2021,band_e,387151216.2
EEDC,01/10/2021,lifeline,143449.2687
EEDC,01/10/2021,band_a,1709410500
EEDC,01/10/2021,band_b,1858811470
EEDC,01/10/2021,band_c,3493311367
EEDC,01/10/2021,band_d,1254585271
EEDC,01/10/2021,band_e,366635406.1
EEDC,01/11/2021,lifeline,125875.97
EEDC,01/11/2021,band_a,1885727492
EEDC,01/11/2021,band_b,1895429296
EEDC,01/11/2021,band_c,3555077388
EEDC,01/11/2021,band_d,1192257785
EEDC,01/11/2021,band_e,368524507.3
EEDC,01/12/2021,lifeline,131531.5713
EEDC,01/12/2021,band_a,1855879149
EEDC,01/12/2021,band_b,1940229451
EEDC,01/12/2021,band_c,4006150600
EEDC,01/12/2021,band_d,1410592268
EEDC,01/12/2021,band_e,530566329
EEDC,01/01/2022,lifeline,151140.7274
EEDC,01/01/2022,band_a,1780733067
EEDC,01/01/2022,band_b,1912413857
EEDC,01/01/2022,band_c,3944632984
EEDC,01/01/2022,band_d,1459737038
EEDC,01/01/2022,band_e,563481761.6
EEDC,01/02/2022,lifeline,106017.7663
EEDC,01/02/2022,band_a,1970749203
EEDC,01/02/2022,band_b,1778318799
EEDC,01/02/2022,band_c,3470036091
EEDC,01/02/2022,band_d,1230258251
EEDC,01/02/2022,band_e,475590918.6
EEDC,01/03/2022,lifeline,137796.07
EEDC,01/03/2022,band_a,2029438419
EEDC,01/03/2022,band_b,1769796610
EEDC,01/03/2022,band_c,3429233666
EEDC,01/03/2022,band_d,1219397521
EEDC,01/03/2022,band_e,418032192.7
EEDC,01/04/2022,lifeline,232492.1384
EEDC,01/04/2022,band_a,1930628299
EEDC,01/04/2022,band_b,1690560290
EEDC,01/04/2022,band_c,3147853980
EEDC,01/04/2022,band_d,1046002031
EEDC,01/04/2022,band_e,333676415.1
EEDC,01/05/2022,lifeline,26089.75019
EEDC,01/05/2022,band_a,1829618781
EEDC,01/05/2022,band_b,1577363106
EEDC,01/05/2022,band_c,2940591781
EEDC,01/05/2022,band_d,1058107201
EEDC,01/05/2022,band_e,342252242.7
EEDC,01/06/2022,lifeline,87408
EEDC,01/06/2022,band_a,1878844428
EEDC,01/06/2022,band_b,1594769194
EEDC,01/06/2022,band_c,2881599300
EEDC,01/06/2022,band_d,927542663
EEDC,01/06/2022,band_e,362829847
EEDC,01/07/2022,lifeline,38466
EEDC,01/07/2022,band_a,2034851522
EEDC,01/07/2022,band_b,1807231843
EEDC,01/07/2022,band_c,3472118364
EEDC,01/07/2022,band_d,1110485474
EEDC,01/07/2022,band_e,432422331
EEDC,01/08/2022,lifeline,85761
EEDC,01/08/2022,band_a,1934402751
EEDC,01/08/2022,band_b,1801650576
EEDC,01/08/2022,band_c,2771726681
EEDC,01/08/2022,band_d,1045827330
EEDC,01/08/2022,band_e,364967497
EEDC,01/09/2022,lifeline,23455.35
EEDC,01/09/2022,band_a,3011780190
EEDC,01/09/2022,band_b,2021110232
EEDC,01/09/2022,band_c,1900846878
EEDC,01/09/2022,band_d,609255697.7
EEDC,01/09/2022,band_e,220257658.7
IBEDC,01/11/2020,lifeline,42045497.57
IBEDC,01/11/2020,band_a,4028435865
IBEDC,01/11/2020,band_b,2270599176
IBEDC,01/11/2020,band_c,2220225584
IBEDC,01/11/2020,band_d,1994002645
IBEDC,01/11/2020,band_e,1539421949
IBEDC,01/12/2020,lifeline,41740206.1
IBEDC,01/12/2020,band_a,4009443468
IBEDC,01/12/2020,band_b,2700841898
IBEDC,01/12/2020,band_c,2275726189
IBEDC,01/12/2020,band_d,2091122594
IBEDC,01/12/2020,band_e,1753484124
IBEDC,01/01/2021,lifeline,47955465.79
IBEDC,01/01/2021,band_a,4204216757
IBEDC,01/01/2021,band_b,2608612206
IBEDC,01/01/2021,band_c,2376994001
IBEDC,01/01/2021,band_d,2188783124
IBEDC,01/01/2021,band_e,1782262597
IBEDC,01/02/2021,lifeline,91628214.61
IBEDC,01/02/2021,band_a,4363024204
IBEDC,01/02/2021,band_b,2229956250
IBEDC,01/02/2021,band_c,2068938721
IBEDC,01/02/2021,band_d,2077133562
IBEDC,01/02/2021,band_e,1516067761
IBEDC,01/03/2021,lifeline,10632680.18
IBEDC,01/03/2021,band_a,4400174640
IBEDC,01/03/2021,band_b,2248569973
IBEDC,01/03/2021,band_c,2020690648
IBEDC,01/03/2021,band_d,2046205652
IBEDC,01/03/2021,band_e,1489052237
IBEDC,01/04/2021,lifeline,18542202.91
IBEDC,01/04/2021,band_a,4405877730
IBEDC,01/04/2021,band_b,2297682491
IBEDC,01/04/2021,band_c,1968289669
IBEDC,01/04/2021,band_d,1881109177
IBEDC,01/04/2021,band_e,1419345165
IBEDC,01/05/2021,lifeline,8591099.743
IBEDC,01/05/2021,band_a,3832716099
IBEDC,01/05/2021,band_b,1337489814
IBEDC,01/05/2021,band_c,2696089611
IBEDC,01/05/2021,band_d,1196316587
IBEDC,01/05/2021,band_e,1005939585
IBEDC,01/06/2021,lifeline,13133050.46
IBEDC,01/06/2021,band_a,3769786863
IBEDC,01/06/2021,band_b,1607443286
IBEDC,01/06/2021,band_c,1463856713
IBEDC,01/06/2021,band_d,1195927274
IBEDC,01/06/2021,band_e,857685596.9
IBEDC,01/07/2021,lifeline,13754463.8
IBEDC,01/07/2021,band_a,4198845063
IBEDC,01/07/2021,band_b,1880264347
IBEDC,01/07/2021,band_c,1788003427
IBEDC,01/07/2021,band_d,1516671089
IBEDC,01/07/2021,band_e,1224754733
IBEDC,01/08/2021,lifeline,16625312.28
IBEDC,01/08/2021,band_a,4208018080
IBEDC,01/08/2021,band_b,1914798427
IBEDC,01/08/2021,band_c,1678419753
IBEDC,01/08/2021,band_d,1509731267
IBEDC,01/08/2021,band_e,1281082400
IBEDC,01/09/2021,lifeline,28784255.82
IBEDC,01/09/2021,band_a,4443965774
IBEDC,01/09/2021,band_b,2091535558
IBEDC,01/09/2021,band_c,1887780756
IBEDC,01/09/2021,band_d,1628720460
IBEDC,01/09/2021,band_e,1428178736
IBEDC,01/10/2021,lifeline,23495466.38
IBEDC,01/10/2021,band_a,4285709747
IBEDC,01/10/2021,band_b,2232887826
IBEDC,01/10/2021,band_c,2043157982
IBEDC,01/10/2021,band_d,1792565659
IBEDC,01/10/2021,band_e,1575965023
IBEDC,01/11/2021,lifeline,25557151.17
IBEDC,01/11/2021,band_a,4869529107
IBEDC,01/11/2021,band_b,2517262231
IBEDC,01/11/2021,band_c,2160309671
IBEDC,01/11/2021,band_d,1845412342
IBEDC,01/11/2021,band_e,1482989331
IBEDC,01/12/2021,lifeline,46451921.03
IBEDC,01/12/2021,band_a,4926940646
IBEDC,01/12/2021,band_b,2698819008
IBEDC,01/12/2021,band_c,2241421935
IBEDC,01/12/2021,band_d,1930362523
IBEDC,01/12/2021,band_e,1528151643
IBEDC,01/01/2022,lifeline,32348087.76
IBEDC,01/01/2022,band_a,4780813946
IBEDC,01/01/2022,band_b,2528560073
IBEDC,01/01/2022,band_c,2232863315
IBEDC,01/01/2022,band_d,1821876311
IBEDC,01/01/2022,band_e,1438452466
IBEDC,01/02/2022,lifeline,31627465.46
IBEDC,01/02/2022,band_a,4426209234
IBEDC,01/02/2022,band_b,2151402292
IBEDC,01/02/2022,band_c,1912936791
IBEDC,01/02/2022,band_d,1540044605
IBEDC,01/02/2022,band_e,1085525595
IBEDC,01/03/2022,lifeline,28019013.9
IBEDC,01/03/2022,band_a,4428308809
IBEDC,01/03/2022,band_b,2007641317
IBEDC,01/03/2022,band_c,1895573102
IBEDC,01/03/2022,band_d,1509517900
IBEDC,01/03/2022,band_e,945630527.9
IBEDC,01/04/2022,lifeline,36197304.21
IBEDC,01/04/2022,band_a,4437820317
IBEDC,01/04/2022,band_b,2132827423
IBEDC,01/04/2022,band_c,2017269506
IBEDC,01/04/2022,band_d,1616454096
IBEDC,01/04/2022,band_e,1054178136
IBEDC,01/05/2022,lifeline,21705444.12
IBEDC,01/05/2022,band_a,4792609670
IBEDC,01/05/2022,band_b,2167680554
IBEDC,01/05/2022,band_c,1913650153
IBEDC,01/05/2022,band_d,1470377543
IBEDC,01/05/2022,band_e,991053322.4
IBEDC,01/06/2022,lifeline,27180692.86
IBEDC,01/06/2022,band_a,4094051283
IBEDC,01/06/2022,band_b,1628580588
IBEDC,01/06/2022,band_c,1514605661
IBEDC,01/06/2022,band_d,1309724197
IBEDC,01/06/2022,band_e,786425321.5
IBEDC,01/07/2022,lifeline,31537616.08
IBEDC,01/07/2022,band_a,4613839754
IBEDC,01/07/2022,band_b,1990984670
IBEDC,01/07/2022,band_c,1903566643
IBEDC,01/07/2022,band_d,1784457341
IBEDC,01/07/2022,band_e,1090058736
IBEDC,01/08/2022,lifeline,44956290.65
IBEDC,01/08/2022,band_a,4549546516
IBEDC,01/08/2022,band_b,1969157082
IBEDC,01/08/2022,band_c,1897821488
IBEDC,01/08/2022,band_d,1889174750
IBEDC,01/08/2022,band_e,1092245377
IBEDC,01/09/2022,lifeline,36402475.44
IBEDC,01/09/2022,band_a,4441339570
IBEDC,01/09/2022,band_b,1956230790
IBEDC,01/09/2022,band_c,1902379847
IBEDC,01/09/2022,band_d,1806848188
IBEDC,01/09/2022,band_e,1077228353
IE,01/11/2020,lifeline,0
IE,01/11/2020,band_a,5129404486
IE,01/11/2020,band_b,2498250941
IE,01/11/2020,band_c,5255213933
IE,01/11/2020,band_d,2255144972
IE,01/11/2020,band_e,32880555.83
IE,01/12/2020,lifeline,0
IE,01/12/2020,band_a,5219403248
IE,01/12/2020,band_b,3031653036
IE,01/12/2020,band_c,5209979634
IE,01/12/2020,band_d,2178018314
IE,01/12/2020,band_e,42905864.93
IE,01/01/2021,lifeline,0
IE,01/01/2021,band_a,5345641903
IE,01/01/2021,band_b,2967127587
IE,01/01/2021,band_c,4963140785
IE,01/01/2021,band_d,2138482823
IE,01/01/2021,band_e,50852288.48
IE,01/02/2021,lifeline,0
IE,01/02/2021,band_a,5391677184
IE,01/02/2021,band_b,2678570561
IE,01/02/2021,band_c,4751589973
IE,01/02/2021,band_d,1777372481
IE,01/02/2021,band_e,41570549.23
IE,01/03/2021,lifeline,0
IE,01/03/2021,band_a,4836863797
IE,01/03/2021,band_b,3294184378
IE,01/03/2021,band_c,4825237342
IE,01/03/2021,band_d,2259230239
IE,01/03/2021,band_e,37946700.14
IE,01/04/2021,lifeline,0
IE,01/04/2021,band_a,5033741072
IE,01/04/2021,band_b,3300950615
IE,01/04/2021,band_c,4691448365
IE,01/04/2021,band_d,2213506437
IE,01/04/2021,band_e,30850621.85
IE,01/05/2021,lifeline,0
IE,01/05/2021,band_a,5202230438
IE,01/05/2021,band_b,3402183380
IE,01/05/2021,band_c,4818117084
IE,01/05/2021,band_d,2558371206
IE,01/05/2021,band_e,44967789.25
IE,01/06/2021,lifeline,0
IE,01/06/2021,band_a,4809687151
IE,01/06/2021,band_b,3027009014
IE,01/06/2021,band_c,4424347329
IE,01/06/2021,band_d,2214210795
IE,01/06/2021,band_e,42706557.85
IE,01/07/2021,lifeline,0
IE,01/07/2021,band_a,4804967357
IE,01/07/2021,band_b,3169750192
IE,01/07/2021,band_c,4787147426
IE,01/07/2021,band_d,2316331473
IE,01/07/2021,band_e,49939335.28
IE,01/08/2021,lifeline,0
IE,01/08/2021,band_a,5345138245
IE,01/08/2021,band_b,2992457900
IE,01/08/2021,band_c,4586260448
IE,01/08/2021,band_d,2116282012
IE,01/08/2021,band_e,35852859.64
IE,01/09/2021,lifeline,0
IE,01/09/2021,band_a,5204510830
IE,01/09/2021,band_b,2986361625
IE,01/09/2021,band_c,4459266055
IE,01/09/2021,band_d,1899688584
IE,01/09/2021,band_e,28599231.63
IE,01/10/2021,lifeline,0
IE,01/10/2021,band_a,5392679646
IE,01/10/2021,band_b,3100351373
IE,01/10/2021,band_c,4913922498
IE,01/10/2021,band_d,2265051430
IE,01/10/2021,band_e,49090629.73
IE,01/11/2021,lifeline,0
IE,01/11/2021,band_a,5295596262
IE,01/11/2021,band_b,2963457926
IE,01/11/2021,band_c,4827746319
IE,01/11/2021,band_d,2087833116
IE,01/11/2021,band_e,30274511.18
IE,01/12/2021,lifeline,0
IE,01/12/2021,band_a,5771883944
IE,01/12/2021,band_b,3378718283
IE,01/12/2021,band_c,5051408014
IE,01/12/2021,band_d,2304525329
IE,01/12/2021,band_e,47509645
IE,01/01/2022,lifeline,0
IE,01/01/2022,band_a,5785078682
IE,01/01/2022,band_b,2982571478
IE,01/01/2022,band_c,4504910965
IE,01/01/2022,band_d,2207132236
IE,01/01/2022,band_e,703117528.2
IE,01/02/2022,lifeline,0
IE,01/02/2022,band_a,5271611836
IE,01/02/2022,band_b,2759880711
IE,01/02/2022,band_c,4275691828
IE,01/02/2022,band_d,1861400794
IE,01/02/2022,band_e,749159957.4
IE,01/03/2022,lifeline,0
IE,01/03/2022,band_a,5165280257
IE,01/03/2022,band_b,2451997983
IE,01/03/2022,band_c,3142151017
IE,01/03/2022,band_d,1664816543
IE,01/03/2022,band_e,827789703
IE,01/04/2022,lifeline,0
IE,01/04/2022,band_a,3718008060
IE,01/04/2022,band_b,1263234077
IE,01/04/2022,band_c,6157149540
IE,01/04/2022,band_d,1664777261
IE,01/04/2022,band_e,781614443.3
IE,01/05/2022,lifeline,0
IE,01/05/2022,band_a,5285183284
IE,01/05/2022,band_b,3117582325
IE,01/05/2022,band_c,3287460177
IE,01/05/2022,band_d,1885097852
IE,01/05/2022,band_e,853244134.5
IE,01/06/2022,lifeline,0
IE,01/06/2022,band_a,4312104110
IE,01/06/2022,band_b,2056380619
IE,01/06/2022,band_c,2660195870
IE,01/06/2022,band_d,1577776609
IE,01/06/2022,band_e,908150617.5
IE,01/07/2022,lifeline,0
IE,01/07/2022,band_a,4850841031
IE,01/07/2022,band_b,2677451360
IE,01/07/2022,band_c,3593422526
IE,01/07/2022,band_d,1949884642
IE,01/07/2022,band_e,1036402014
IE,01/08/2022,lifeline,0
IE,01/08/2022,band_a,5170639967
IE,01/08/2022,band_b,3170780536
IE,01/08/2022,band_c,4946668017
IE,01/08/2022,band_d,2116787570
IE,01/08/2022,band_e,616683339
IE,01/09/2022,lifeline,0
IE,01/09/2022,band_a,5324064633
IE,01/09/2022,band_b,3257661657
IE,01/09/2022,band_c,4970477315
IE,01/09/2022,band_d,1919502133
IE,01/09/2022,band_e,951996504
JEDC,01/11/2020,lifeline,1000317.385
JEDC,01/11/2020,band_a,1172677919
JEDC,01/11/2020,band_b,666325050.3
JEDC,01/11/2020,band_c,338534422.3
JEDC,01/11/2020,band_d,496772399.1
JEDC,01/11/2020,band_e,283112824.2
JEDC,01/12/2020,lifeline,989586.5525
JEDC,01/12/2020,band_a,1254146004
JEDC,01/12/2020,band_b,714624336.9
JEDC,01/12/2020,band_c,384682806.1
JEDC,01/12/2020,band_d,504314882.6
JEDC,01/12/2020,band_e,304879763.2
JEDC,01/01/2021,lifeline,1250009.387
JEDC,01/01/2021,band_a,1225595607
JEDC,01/01/2021,band_b,700932956.5
JEDC,01/01/2021,band_c,381836373.2
JEDC,01/01/2021,band_d,491523847.7
JEDC,01/01/2021,band_e,292413499.4
JEDC,01/02/2021,lifeline,1076497.148
JEDC,01/02/2021,band_a,1105429007
JEDC,01/02/2021,band_b,641225135
JEDC,01/02/2021,band_c,343748053.3
JEDC,01/02/2021,band_d,517833679
JEDC,01/02/2021,band_e,298040511.3
JEDC,01/03/2021,lifeline,1217709.22
JEDC,01/03/2021,band_a,1187568332
JEDC,01/03/2021,band_b,641015610.7
JEDC,01/03/2021,band_c,334647652.6
JEDC,01/03/2021,band_d,506976510.5
JEDC,01/03/2021,band_e,340647055.6
JEDC,01/04/2021,lifeline,1080610.253
JEDC,01/04/2021,band_a,1334694883
JEDC,01/04/2021,band_b,631641313.7
JEDC,01/04/2021,band_c,389895945.6
JEDC,01/04/2021,band_d,518002773.5
JEDC,01/04/2021,band_e,329994773.6
JEDC,01/05/2021,lifeline,1083460.917
JEDC,01/05/2021,band_a,1528288079
JEDC,01/05/2021,band_b,734905543.4
JEDC,01/05/2021,band_c,457427510.9
JEDC,01/05/2021,band_d,712510124.2
JEDC,01/05/2021,band_e,449378847.8
JEDC,01/06/2021,lifeline,1207930.583
JEDC,01/06/2021,band_a,1438602288
JEDC,01/06/2021,band_b,678231806.3
JEDC,01/06/2021,band_c,365376880.4
JEDC,01/06/2021,band_d,604629458.4
JEDC,01/06/2021,band_e,405542516.2
JEDC,01/07/2021,lifeline,1048909.3
JEDC,01/07/2021,band_a,1496834403
JEDC,01/07/2021,band_b,652399764.1
JEDC,01/07/2021,band_c,366689836.5
JEDC,01/07/2021,band_d,652746984.4
JEDC,01/07/2021,band_e,403765137.6
JEDC,01/08/2021,lifeline,996805.9925
JEDC,01/08/2021,band_a,1650438481
JEDC,01/08/2021,band_b,772113372.9
JEDC,01/08/2021,band_c,487474262.2
JEDC,01/08/2021,band_d,645821329.8
JEDC,01/08/2021,band_e,409777687.5
JEDC,01/09/2021,lifeline,1048616.815
JEDC,01/09/2021,band_a,1654528740
JEDC,01/09/2021,band_b,1374545824
JEDC,01/09/2021,band_c,966418126.5
JEDC,01/09/2021,band_d,185995293.3
JEDC,01/09/2021,band_e,66265840.7
JEDC,01/10/2021,lifeline,1166247.493
JEDC,01/10/2021,band_a,1547631589
JEDC,01/10/2021,band_b,1479312409
JEDC,01/10/2021,band_c,1013498652
JEDC,01/10/2021,band_d,213341681.6
JEDC,01/10/2021,band_e,63779309.22
JEDC,01/11/2021,lifeline,1035857.273
JEDC,01/11/2021,band_a,1683931793
JEDC,01/11/2021,band_b,1517407552
JEDC,01/11/2021,band_c,1016809088
JEDC,01/11/2021,band_d,219633664.6
JEDC,01/11/2021,band_e,74110428.23
JEDC,01/12/2021,lifeline,1279270.745
JEDC,01/12/2021,band_a,1724284522
JEDC,01/12/2021,band_b,1595719886
JEDC,01/12/2021,band_c,1012944539
JEDC,01/12/2021,band_d,217739746.8
JEDC,01/12/2021,band_e,85860998.43
JEDC,01/01/2022,lifeline,918826.55
JEDC,01/01/2022,band_a,2630232686
JEDC,01/01/2022,band_b,1063838163
JEDC,01/01/2022,band_c,848794348.9
JEDC,01/01/2022,band_d,510975517.8
JEDC,01/01/2022,band_e,90857514.56
JEDC,01/02/2022,lifeline,988345.11
JEDC,01/02/2022,band_a,3013658238
JEDC,01/02/2022,band_b,1053574868
JEDC,01/02/2022,band_c,793611270.3
JEDC,01/02/2022,band_d,251789301
JEDC,01/02/2022,band_e,94300951.45
JEDC,01/03/2022,lifeline,922045.735
JEDC,01/03/2022,band_a,3171381410
JEDC,01/03/2022,band_b,1101810340
JEDC,01/03/2022,band_c,771967502.6
JEDC,01/03/2022,band_d,293440489.7
JEDC,01/03/2022,band_e,94680042.1
JEDC,01/04/2022,lifeline,819905.94
JEDC,01/04/2022,band_a,3019030523
JEDC,01/04/2022,band_b,988006177.7
JEDC,01/04/2022,band_c,804371906.6
JEDC,01/04/2022,band_d,293230965.7
JEDC,01/04/2022,band_e,57628602.13
JEDC,01/05/2022,lifeline,7215
JEDC,01/05/2022,band_a,3127319904
JEDC,01/05/2022,band_b,1040643519
JEDC,01/05/2022,band_c,660228124.2
JEDC,01/05/2022,band_d,244884716.7
JEDC,01/05/2022,band_e,51502622.19
JEDC,01/06/2022,lifeline,0
JEDC,01/06/2022,band_a,2707395723
JEDC,01/06/2022,band_b,906198917.1
JEDC,01/06/2022,band_c,617559817.7
JEDC,01/06/2022,band_d,209263457.9
JEDC,01/06/2022,band_e,37372509.74
JEDC,01/07/2022,lifeline,925
JEDC,01/07/2022,band_a,2614672194
JEDC,01/07/2022,band_b,1091455276
JEDC,01/07/2022,band_c,750420011.8
JEDC,01/07/2022,band_d,298112031.8
JEDC,01/07/2022,band_e,31295668.02
JEDC,01/08/2022,lifeline,2585.375
JEDC,01/08/2022,band_a,2481079940
JEDC,01/08/2022,band_b,1170355280
JEDC,01/08/2022,band_c,788505614.1
JEDC,01/08/2022,band_d,277501559.4
JEDC,01/08/2022,band_e,28369061.72
JEDC,01/09/2022,lifeline,2585.375
JEDC,01/09/2022,band_a,2448353805
JEDC,01/09/2022,band_b,1203643275
JEDC,01/09/2022,band_c,989013514.3
JEDC,01/09/2022,band_d,370142258.8
JEDC,01/09/2022,band_e,27263796.49
KE,01/11/2020,lifeline,3148025.92
KE,01/11/2020,band_a,2677027349
KE,01/11/2020,band_b,618081641.1
KE,01/11/2020,band_c,504159007.6
KE,01/11/2020,band_d,316673785.9
KE,01/11/2020,band_e,181789670
KE,01/12/2020,lifeline,3133771.2
KE,01/12/2020,band_a,4302098130
KE,01/12/2020,band_b,1240243532
KE,01/12/2020,band_c,737563580.7
KE,01/12/2020,band_d,509722698.2
KE,01/12/2020,band_e,398283698.7
KE,01/01/2021,lifeline,6477777.86
KE,01/01/2021,band_a,4055776132
KE,01/01/2021,band_b,1244924794
KE,01/01/2021,band_c,661966193
KE,01/01/2021,band_d,503632918
KE,01/01/2021,band_e,394118023.7
KE,01/02/2021,lifeline,4757099.85
KE,01/02/2021,band_a,3988997937
KE,01/02/2021,band_b,1212209623
KE,01/02/2021,band_c,690132868.8
KE,01/02/2021,band_d,456039918.7
KE,01/02/2021,band_e,314848953.1
KE,01/03/2021,lifeline,4510329.77
KE,01/03/2021,band_a,3689855700
KE,01/03/2021,band_b,1086289398
KE,01/03/2021,band_c,662816056.4
KE,01/03/2021,band_d,453305478.5
KE,01/03/2021,band_e,327474724.7
KE,01/04/2021,lifeline,366578.85
KE,01/04/2021,band_a,4426825160
KE,01/04/2021,band_b,1238864734
KE,01/04/2021,band_c,838462553
KE,01/04/2021,band_d,522237579.2
KE,01/04/2021,band_e,360635801.4
KE,01/05/2021,lifeline,453483.5
KE,01/05/2021,band_a,4607676275
KE,01/05/2021,band_b,1438005351
KE,01/05/2021,band_c,1068901050
KE,01/05/2021,band_d,519720921.7
KE,01/05/2021,band_e,309184403.2
KE,01/06/2021,lifeline,409880.98
KE,01/06/2021,band_a,4136638859
KE,01/06/2021,band_b,1455315854
KE,01/06/2021,band_c,961482646.6
KE,01/06/2021,band_d,530116673.6
KE,01/06/2021,band_e,283620755.4
KE,01/07/2021,lifeline,490268.87
KE,01/07/2021,band_a,4308946950
KE,01/07/2021,band_b,1273923405
KE,01/07/2021,band_c,850342619.5
KE,01/07/2021,band_d,457734799.4
KE,01/07/2021,band_e,235418408.1
KE,01/08/2021,lifeline,508540.43
KE,01/08/2021,band_a,4081133111
KE,01/08/2021,band_b,1379958910
KE,01/08/2021,band_c,903223315.2
KE,01/08/2021,band_d,475634289.4
KE,01/08/2021,band_e,298837522.7
KE,01/09/2021,lifeline,518017.36
KE,01/09/2021,band_a,4498207342
KE,01/09/2021,band_b,1321284799
KE,01/09/2021,band_c,881656183.7
KE,01/09/2021,band_d,505125919.9
KE,01/09/2021,band_e,268692804.1
KE,01/10/2021,lifeline,545518.6
KE,01/10/2021,band_a,3145361165
KE,01/10/2021,band_b,2296163283
KE,01/10/2021,band_c,1629763130
KE,01/10/2021,band_d,935186588.2
KE,01/10/2021,band_e,445447123.7
KE,01/11/2021,lifeline,423952.2
KE,01/11/2021,band_a,3318769092
KE,01/11/2021,band_b,2240350332
KE,01/11/2021,band_c,1631932364
KE,01/11/2021,band_d,992352698.1
KE,01/11/2021,band_e,464645127.5
KE,01/12/2021,lifeline,426903.1
KE,01/12/2021,band_a,2965377716
KE,01/12/2021,band_b,2113626766
KE,01/12/2021,band_c,1588693537
KE,01/12/2021,band_d,996686442
KE,01/12/2021,band_e,506170077.4
KE,01/01/2022,lifeline,11800
KE,01/01/2022,band_a,3443291160
KE,01/01/2022,band_b,2090109393
KE,01/01/2022,band_c,1827171185
KE,01/01/2022,band_d,943835716.1
KE,01/01/2022,band_e,504031721.1
KE,01/02/2022,lifeline,9900
KE,01/02/2022,band_a,3003988610
KE,01/02/2022,band_b,2103153636
KE,01/02/2022,band_c,1752314941
KE,01/02/2022,band_d,979342308.3
KE,01/02/2022,band_e,444613416.9
KE,01/03/2022,lifeline,0
KE,01/03/2022,band_a,3034904550
KE,01/03/2022,band_b,1717936997
KE,01/03/2022,band_c,1634329554
KE,01/03/2022,band_d,895487492.2
KE,01/03/2022,band_e,391543890.4
KE,01/04/2022,lifeline,0
KE,01/04/2022,band_a,2955712383
KE,01/04/2022,band_b,1756417756
KE,01/04/2022,band_c,1651869709
KE,01/04/2022,band_d,997126003.1
KE,01/04/2022,band_e,504151339.6
KE,01/05/2022,lifeline,0
KE,01/05/2022,band_a,2670540299
KE,01/05/2022,band_b,1529321320
KE,01/05/2022,band_c,1336837396
KE,01/05/2022,band_d,835411399.9
KE,01/05/2022,band_e,365589186.5
KE,01/06/2022,lifeline,0
KE,01/06/2022,band_a,1719913368
KE,01/06/2022,band_b,1010706438
KE,01/06/2022,band_c,1100103638
KE,01/06/2022,band_d,739168430.1
KE,01/06/2022,band_e,318122661.2
KE,01/07/2022,lifeline,0
KE,01/07/2022,band_a,1570019969
KE,01/07/2022,band_b,1006799852
KE,01/07/2022,band_c,1074599084
KE,01/07/2022,band_d,651876092
KE,01/07/2022,band_e,339777919.7
KE,01/08/2022,lifeline,0
KE,01/08/2022,band_a,1720567545
KE,01/08/2022,band_b,985042286.4
KE,01/08/2022,band_c,920353412.4
KE,01/08/2022,band_d,589432215.8
KE,01/08/2022,band_e,263099442.5
KE,01/09/2022,lifeline,0
KE,01/09/2022,band_a,1742863508
KE,01/09/2022,band_b,952280796.2
KE,01/09/2022,band_c,936975668.3
KE,01/09/2022,band_d,550218035.4
KE,01/09/2022,band_e,266687908.5
KEDCO,01/11/2020,lifeline,2314228.1
KEDCO,01/11/2020,band_a,2318038472
KEDCO,01/11/2020,band_b,899076922.6
KEDCO,01/11/2020,band_c,1235407409
KEDCO,01/11/2020,band_d,825269694.8
KEDCO,01/11/2020,band_e,479896402.7
KEDCO,01/12/2020,lifeline,2334425.2
KEDCO,01/12/2020,band_a,2275384342
KEDCO,01/12/2020,band_b,872084602.9
KEDCO,01/12/2020,band_c,1265632766
KEDCO,01/12/2020,band_d,827930361.2
KEDCO,01/12/2020,band_e,480249147.1
KEDCO,01/01/2021,lifeline,2503019.6
KEDCO,01/01/2021,band_a,2056432145
KEDCO,01/01/2021,band_b,766919017.4
KEDCO,01/01/2021,band_c,1298254649
KEDCO,01/01/2021,band_d,857413978.9
KEDCO,01/01/2021,band_e,462386971.2
KEDCO,01/02/2021,lifeline,2641131.3
KEDCO,01/02/2021,band_a,2014756124
KEDCO,01/02/2021,band_b,779475753.8
KEDCO,01/02/2021,band_c,1242630135
KEDCO,01/02/2021,band_d,891852731
KEDCO,01/02/2021,band_e,508683704.2
KEDCO,01/03/2021,lifeline,2606094.9
KEDCO,01/03/2021,band_a,2162437930
KEDCO,01/03/2021,band_b,910210708.5
KEDCO,01/03/2021,band_c,1488960593
KEDCO,01/03/2021,band_d,935851373.7
KEDCO,01/03/2021,band_e,495296948.4
KEDCO,01/04/2021,lifeline,3811627.3
KEDCO,01/04/2021,band_a,2149891832
KEDCO,01/04/2021,band_b,786840300.6
KEDCO,01/04/2021,band_c,1446567133
KEDCO,01/04/2021,band_d,967533917.3
KEDCO,01/04/2021,band_e,553338090.4
KEDCO,01/05/2021,lifeline,2551046.6
KEDCO,01/05/2021,band_a,1866398404
KEDCO,01/05/2021,band_b,988466691.4
KEDCO,01/05/2021,band_c,1341322924
KEDCO,01/05/2021,band_d,916600287
KEDCO,01/05/2021,band_e,432154733.8
KEDCO,01/06/2021,lifeline,2661891.7
KEDCO,01/06/2021,band_a,2013338595
KEDCO,01/06/2021,band_b,894794568.1
KEDCO,01/06/2021,band_c,1137315063
KEDCO,01/06/2021,band_d,876677898.8
KEDCO,01/06/2021,band_e,396388802.9
KEDCO,01/07/2021,lifeline,2278447.2
KEDCO,01/07/2021,band_a,1881258221
KEDCO,01/07/2021,band_b,681187189.1
KEDCO,01/07/2021,band_c,1061644280
KEDCO,01/07/2021,band_d,809159584.6
KEDCO,01/07/2021,band_e,352516616.4
KEDCO,01/08/2021,lifeline,2370523.5
KEDCO,01/08/2021,band_a,2066598205
KEDCO,01/08/2021,band_b,752587267
KEDCO,01/08/2021,band_c,1256915268
KEDCO,01/08/2021,band_d,994834730.8
KEDCO,01/08/2021,band_e,456832427.9
KEDCO,01/09/2021,lifeline,2465362.2
KEDCO,01/09/2021,band_a,2135529442
KEDCO,01/09/2021,band_b,636891337.7
KEDCO,01/09/2021,band_c,1180285282
KEDCO,01/09/2021,band_d,990090547.1
KEDCO,01/09/2021,band_e,427968228.8
KEDCO,01/10/2021,lifeline,3237716.8
KEDCO,01/10/2021,band_a,2396023426
KEDCO,01/10/2021,band_b,723978013.8
KEDCO,01/10/2021,band_c,1192744502
KEDCO,01/10/2021,band_d,1296238393
KEDCO,01/10/2021,band_e,603059098.6
KEDCO,01/11/2021,lifeline,3096786.9
KEDCO,01/11/2021,band_a,2739686674
KEDCO,01/11/2021,band_b,735833645.8
KEDCO,01/11/2021,band_c,1211589431
KEDCO,01/11/2021,band_d,1406070398
KEDCO,01/11/2021,band_e,611582381.7
KEDCO,01/12/2021,lifeline,3615010.1
KEDCO,01/12/2021,band_a,2695065379
KEDCO,01/12/2021,band_b,584742046.2
KEDCO,01/12/2021,band_c,887561873.8
KEDCO,01/12/2021,band_d,1603952370
KEDCO,01/12/2021,band_e,674404861.8
KEDCO,01/01/2022,lifeline,3775069
KEDCO,01/01/2022,band_a,2640660266
KEDCO,01/01/2022,band_b,689989484.9
KEDCO,01/01/2022,band_c,961285598
KEDCO,01/01/2022,band_d,1584071038
KEDCO,01/01/2022,band_e,724985850.1
KEDCO,01/02/2022,lifeline,3308203.5
KEDCO,01/02/2022,band_a,3219636827
KEDCO,01/02/2022,band_b,671829951.1
KEDCO,01/02/2022,band_c,1599323833
KEDCO,01/02/2022,band_d,878251661.8
KEDCO,01/02/2022,band_e,317261915.7
KEDCO,01/03/2022,lifeline,3552415.3
KEDCO,01/03/2022,band_a,3019329141
KEDCO,01/03/2022,band_b,589353855.7
KEDCO,01/03/2022,band_c,1219906627
KEDCO,01/03/2022,band_d,645893856.2
KEDCO,01/03/2022,band_e,241577991.8
KEDCO,01/04/2022,lifeline,6882567.2
KEDCO,01/04/2022,band_a,2963531848
KEDCO,01/04/2022,band_b,568157973
KEDCO,01/04/2022,band_c,1314879957
KEDCO,01/04/2022,band_d,709680539.8
KEDCO,01/04/2022,band_e,265668054.7
KEDCO,01/05/2022,lifeline,8775025
KEDCO,01/05/2022,band_a,2774889390
KEDCO,01/05/2022,band_b,500818093
KEDCO,01/05/2022,band_c,1107829535
KEDCO,01/05/2022,band_d,556760458
KEDCO,01/05/2022,band_e,225947975
KEDCO,01/06/2022,lifeline,913853
KEDCO,01/06/2022,band_a,2713757422
KEDCO,01/06/2022,band_b,468740067.2
KEDCO,01/06/2022,band_c,987518810.6
KEDCO,01/06/2022,band_d,483061843
KEDCO,01/06/2022,band_e,146653697.1
KEDCO,01/07/2022,lifeline,6296068.7
KEDCO,01/07/2022,band_a,2962594055
KEDCO,01/07/2022,band_b,436913595.2
KEDCO,01/07/2022,band_c,1299736914
KEDCO,01/07/2022,band_d,788875694.2
KEDCO,01/07/2022,band_e,182689566.1
KEDCO,01/08/2022,lifeline,6719816.5
KEDCO,01/08/2022,band_a,3292880280
KEDCO,01/08/2022,band_b,676071221.7
KEDCO,01/08/2022,band_c,1452604330
KEDCO,01/08/2022,band_d,763967710.3
KEDCO,01/08/2022,band_e,206536880.1
KEDCO,01/09/2022,lifeline,3702657.1
KEDCO,01/09/2022,band_a,3269986827
KEDCO,01/09/2022,band_b,575158630.6
KEDCO,01/09/2022,band_c,1170695251
KEDCO,01/09/2022,band_d,690320804.4
KEDCO,01/09/2022,band_e,184805287.6
PHEDC,01/11/2020,lifeline,848473.16
PHEDC,01/11/2020,band_a,1585045249
PHEDC,01/11/2020,band_b,1391344208
PHEDC,01/11/2020,band_c,1162496112
PHEDC,01/11/2020,band_d,2169377366
PHEDC,01/11/2020,band_e,641268780
PHEDC,01/12/2020,lifeline,863107.37
PHEDC,01/12/2020,band_a,1511928750
PHEDC,01/12/2020,band_b,1531593535
PHEDC,01/12/2020,band_c,845667326.7
PHEDC,01/12/2020,band_d,1844288129
PHEDC,01/12/2020,band_e,732667117.2
PHEDC,01/01/2021,lifeline,914613.02
PHEDC,01/01/2021,band_a,1543710687
PHEDC,01/01/2021,band_b,1349060430
PHEDC,01/01/2021,band_c,1107311795
PHEDC,01/01/2021,band_d,1569432511
PHEDC,01/01/2021,band_e,556796273.7
PHEDC,01/02/2021,lifeline,2912457.22
PHEDC,01/02/2021,band_a,1742780381
PHEDC,01/02/2021,band_b,1594077052
PHEDC,01/02/2021,band_c,1101290476
PHEDC,01/02/2021,band_d,1641614431
PHEDC,01/02/2021,band_e,336587702.9
PHEDC,01/03/2021,lifeline,3519362.97
PHEDC,01/03/2021,band_a,1909562808
PHEDC,01/03/2021,band_b,1545885681
PHEDC,01/03/2021,band_c,1295505426
PHEDC,01/03/2021,band_d,1741318176
PHEDC,01/03/2021,band_e,317541803.8
PHEDC,01/04/2021,lifeline,1475689.14
PHEDC,01/04/2021,band_a,1867350682
PHEDC,01/04/2021,band_b,1585625993
PHEDC,01/04/2021,band_c,1244870547
PHEDC,01/04/2021,band_d,1806167327
PHEDC,01/04/2021,band_e,433980456.4
PHEDC,01/05/2021,lifeline,1813890.34
PHEDC,01/05/2021,band_a,1201691910
PHEDC,01/05/2021,band_b,1246802682
PHEDC,01/05/2021,band_c,1318370763
PHEDC,01/05/2021,band_d,2205149385
PHEDC,01/05/2021,band_e,510178725
PHEDC,01/06/2021,lifeline,2942644.85
PHEDC,01/06/2021,band_a,1276451859
PHEDC,01/06/2021,band_b,1279160208
PHEDC,01/06/2021,band_c,888985758.9
PHEDC,01/06/2021,band_d,2049749618
PHEDC,01/06/2021,band_e,337494578.8
PHEDC,01/07/2021,lifeline,3907159.76
PHEDC,01/07/2021,band_a,1365205895
PHEDC,01/07/2021,band_b,1428299463
PHEDC,01/07/2021,band_c,854096183.5
PHEDC,01/07/2021,band_d,1752707358
PHEDC,01/07/2021,band_e,571195805.7
PHEDC,01/08/2021,lifeline,1290187.52
PHEDC,01/08/2021,band_a,1400951841
PHEDC,01/08/2021,band_b,1572365943
PHEDC,01/08/2021,band_c,730197250.3
PHEDC,01/08/2021,band_d,2076288161
PHEDC,01/08/2021,band_e,647677052.2
PHEDC,01/09/2021,lifeline,1676403
PHEDC,01/09/2021,band_a,1434312986
PHEDC,01/09/2021,band_b,1148821309
PHEDC,01/09/2021,band_c,817009974.3
PHEDC,01/09/2021,band_d,2342224910
PHEDC,01/09/2021,band_e,396387516.1
PHEDC,01/10/2021,lifeline,365984.2
PHEDC,01/10/2021,band_a,1744988476
PHEDC,01/10/2021,band_b,1363967318
PHEDC,01/10/2021,band_c,847278458.9
PHEDC,01/10/2021,band_d,2341114108
PHEDC,01/10/2021,band_e,328246043.7
PHEDC,01/11/2021,lifeline,449825.16
PHEDC,01/11/2021,band_a,1715331585
PHEDC,01/11/2021,band_b,1299071310
PHEDC,01/11/2021,band_c,739085409.1
PHEDC,01/11/2021,band_d,2125714779
PHEDC,01/11/2021,band_e,309837679.8
PHEDC,01/12/2021,lifeline,15050
PHEDC,01/12/2021,band_a,1962155867
PHEDC,01/12/2021,band_b,1096111303
PHEDC,01/12/2021,band_c,1118006833
PHEDC,01/12/2021,band_d,1705155148
PHEDC,01/12/2021,band_e,374532197.2
PHEDC,01/01/2022,lifeline,86525.28
PHEDC,01/01/2022,band_a,2149708812
PHEDC,01/01/2022,band_b,1258528515
PHEDC,01/01/2022,band_c,1190496461
PHEDC,01/01/2022,band_d,1581207449
PHEDC,01/01/2022,band_e,328721776.2
PHEDC,01/02/2022,lifeline,754895.61
PHEDC,01/02/2022,band_a,2217906096
PHEDC,01/02/2022,band_b,1274361852
PHEDC,01/02/2022,band_c,1484205859
PHEDC,01/02/2022,band_d,1825908990
PHEDC,01/02/2022,band_e,480867614.5
PHEDC,01/03/2022,lifeline,254581.72
PHEDC,01/03/2022,band_a,2402656702
PHEDC,01/03/2022,band_b,1254155502
PHEDC,01/03/2022,band_c,1372041521
PHEDC,01/03/2022,band_d,1802059437
PHEDC,01/03/2022,band_e,409592611.2
PHEDC,01/04/2022,lifeline,0
PHEDC,01/04/2022,band_a,2021716617
PHEDC,01/04/2022,band_b,1248363756
PHEDC,01/04/2022,band_c,1270408936
PHEDC,01/04/2022,band_d,1756915449
PHEDC,01/04/2022,band_e,324726259.1
PHEDC,01/05/2022,lifeline,14808.6
PHEDC,01/05/2022,band_a,2135004884
PHEDC,01/05/2022,band_b,1119318035
PHEDC,01/05/2022,band_c,1107995034
PHEDC,01/05/2022,band_d,1774792392
PHEDC,01/05/2022,band_e,295900157.1
PHEDC,01/06/2022,lifeline,3200121.57
PHEDC,01/06/2022,band_a,2545636570
PHEDC,01/06/2022,band_b,988452851.5
PHEDC,01/06/2022,band_c,1291295203
PHEDC,01/06/2022,band_d,1433927684
PHEDC,01/06/2022,band_e,327546884.1
PHEDC,01/07/2022,lifeline,40585.89
PHEDC,01/07/2022,band_a,2812111331
PHEDC,01/07/2022,band_b,1034542618
PHEDC,01/07/2022,band_c,1790263989
PHEDC,01/07/2022,band_d,1904226996
PHEDC,01/07/2022,band_e,366030192
PHEDC,01/08/2022,lifeline,34290.07
PHEDC,01/08/2022,band_a,2776940937
PHEDC,01/08/2022,band_b,1033315577
PHEDC,01/08/2022,band_c,1924738069
PHEDC,01/08/2022,band_d,1698594303
PHEDC,01/08/2022,band_e,354702035.5
PHEDC,01/09/2022,lifeline,48434.29
PHEDC,01/09/2022,band_a,2934608389
PHEDC,01/09/2022,band_b,963112984.3
PHEDC,01/09/2022,band_c,1947015925
PHEDC,01/09/2022,band_d,1675945087
PHEDC,01/09/2022,band_e,376009953.6
YEDC,01/11/2020,lifeline,0
YEDC,01/11/2020,band_a,0
YEDC,01/11/2020,band_b,0
YEDC,01/11/2020,band_c,1733013832
YEDC,01/11/2020,band_d,250046535.2
YEDC,01/11/2020,band_e,0
YEDC,01/12/2020,lifeline,0
YEDC,01/12/2020,band_a,0
YEDC,01/12/2020,band_b,0
YEDC,01/12/2020,band_c,1766164449
YEDC,01/12/2020,band_d,295674725
YEDC,01/12/2020,band_e,0
YEDC,01/01/2021,lifeline,0
YEDC,01/01/2021,band_a,0
YEDC,01/01/2021,band_b,0
YEDC,01/01/2021,band_c,1598654793
YEDC,01/01/2021,band_d,293519343.7
YEDC,01/01/2021,band_e,0
YEDC,01/02/2021,lifeline,0
YEDC,01/02/2021,band_a,0
YEDC,01/02/2021,band_b,0
YEDC,01/02/2021,band_c,1021425055
YEDC,01/02/2021,band_d,297520276
YEDC,01/02/2021,band_e,0
YEDC,01/03/2021,lifeline,0
YEDC,01/03/2021,band_a,0
YEDC,01/03/2021,band_b,0
YEDC,01/03/2021,band_c,1222871717
YEDC,01/03/2021,band_d,315783033.8
YEDC,01/03/2021,band_e,0
YEDC,01/04/2021,lifeline,0
YEDC,01/04/2021,band_a,824624115
YEDC,01/04/2021,band_b,254154932.7
YEDC,01/04/2021,band_c,348685920.4
YEDC,01/04/2021,band_d,66247582.38
YEDC,01/04/2021,band_e,0
YEDC,01/05/2021,lifeline,0
YEDC,01/05/2021,band_a,991530203
YEDC,01/05/2021,band_b,196251223.9
YEDC,01/05/2021,band_c,257070647.9
YEDC,01/05/2021,band_d,35687583.77
YEDC,01/05/2021,band_e,0
YEDC,01/06/2021,lifeline,0
YEDC,01/06/2021,band_a,890667778
YEDC,01/06/2021,band_b,194580037
YEDC,01/06/2021,band_c,254675761.6
YEDC,01/06/2021,band_d,39041892.32
YEDC,01/06/2021,band_e,0
YEDC,01/07/2021,lifeline,0
YEDC,01/07/2021,band_a,907938715
YEDC,01/07/2021,band_b,207254373.3
YEDC,01/07/2021,band_c,258114142.8
YEDC,01/07/2021,band_d,78085559.78
YEDC,01/07/2021,band_e,0
YEDC,01/08/2021,lifeline,519164.59
YEDC,01/08/2021,band_a,921254001
YEDC,01/08/2021,band_b,192341258.8
YEDC,01/08/2021,band_c,257946468.9
YEDC,01/08/2021,band_d,44856522.23
YEDC,01/08/2021,band_e,0
YEDC,01/09/2021,lifeline,510874.4
YEDC,01/09/2021,band_a,918092957
YEDC,01/09/2021,band_b,193487154.8
YEDC,01/09/2021,band_c,269591208.4
YEDC,01/09/2021,band_d,68695769.84
YEDC,01/09/2021,band_e,0
YEDC,01/10/2021,lifeline,482017.1
YEDC,01/10/2021,band_a,962522190
YEDC,01/10/2021,band_b,206050492.9
YEDC,01/10/2021,band_c,276073067
YEDC,01/10/2021,band_d,52138581.48
YEDC,01/10/2021,band_e,0
YEDC,01/11/2021,lifeline,512306.3
YEDC,01/11/2021,band_a,996741122
YEDC,01/11/2021,band_b,209639820.6
YEDC,01/11/2021,band_c,284346047.8
YEDC,01/11/2021,band_d,56085730.15
YEDC,01/11/2021,band_e,0
YEDC,01/12/2021,lifeline,4413900
YEDC,01/12/2021,band_a,1180470622
YEDC,01/12/2021,band_b,272335046.1
YEDC,01/12/2021,band_c,353104494.8
YEDC,01/12/2021,band_d,59912374.77
YEDC,01/12/2021,band_e,0
YEDC,01/01/2022,lifeline,4430372
YEDC,01/01/2022,band_a,1049672243
YEDC,01/01/2022,band_b,277842628.1
YEDC,01/01/2022,band_c,337817812.9
YEDC,01/01/2022,band_d,93045259.72
YEDC,01/01/2022,band_e,0
YEDC,01/02/2022,lifeline,511672
YEDC,01/02/2022,band_a,1044210825
YEDC,01/02/2022,band_b,286510526.6
YEDC,01/02/2022,band_c,348225301.8
YEDC,01/02/2022,band_d,93895794.86
YEDC,01/02/2022,band_e,0
YEDC,01/03/2022,lifeline,517280
YEDC,01/03/2022,band_a,1211720599
YEDC,01/03/2022,band_b,311915412.5
YEDC,01/03/2022,band_c,375306525.3
YEDC,01/03/2022,band_d,78679410.91
YEDC,01/03/2022,band_e,0
YEDC,01/04/2022,lifeline,556744
YEDC,01/04/2022,band_a,1452297815
YEDC,01/04/2022,band_b,310448527.1
YEDC,01/04/2022,band_c,545106456.6
YEDC,01/04/2022,band_d,90633525.6
YEDC,01/04/2022,band_e,0
YEDC,01/05/2022,lifeline,387360
YEDC,01/05/2022,band_a,1218394889
YEDC,01/05/2022,band_b,351016257.1
YEDC,01/05/2022,band_c,397198087.7
YEDC,01/05/2022,band_d,83511461.26
YEDC,01/05/2022,band_e,0
YEDC,01/06/2022,lifeline,534188
YEDC,01/06/2022,band_a,1060468498
YEDC,01/06/2022,band_b,250807719.4
YEDC,01/06/2022,band_c,433660660.8
YEDC,01/06/2022,band_d,117389605.5
YEDC,01/06/2022,band_e,0
YEDC,01/07/2022,lifeline,127888
YEDC,01/07/2022,band_a,1113025310
YEDC,01/07/2022,band_b,277386969.3
YEDC,01/07/2022,band_c,553118338.8
YEDC,01/07/2022,band_d,129580580.5
YEDC,01/07/2022,band_e,0
YEDC,01/08/2022,lifeline,141340
YEDC,01/08/2022,band_a,1116668385
YEDC,01/08/2022,band_b,209184804.1
YEDC,01/08/2022,band_c,570864063.4
YEDC,01/08/2022,band_d,127872446.7
YEDC,01/08/2022,band_e,0
YEDC,01/09/2022,lifeline,14360
YEDC,01/09/2022,band_a,1334861941
YEDC,01/09/2022,band_b,249684578.4
YEDC,01/09/2022,band_c,419266250.4
YEDC,01/09/2022,band_d,136698715.8
YEDC,01/09/2022,band_e,0
