disco,date,band,collection_naira
AEDC,01/11/2020,lifeline,1852.98
AEDC,01/11/2020,band_a,6476362522
AEDC,01/11/2020,band_b,1058878527
AEDC,01/11/2020,band_c,728627140.7
AEDC,01/11/2020,band_d,812950115.9
AEDC,01/11/2020,band_e,177326743.8
AEDC,01/12/2020,lifeline,94500
AEDC,01/12/2020,band_a,6806189963
AEDC,01/12/2020,band_b,1091943152
AEDC,01/12/2020,band_c,739098614.2
AEDC,01/12/2020,band_d,862972117.2
AEDC,01/12/2020,band_e,164229811.6
AEDC,01/01/2021,lifeline,165800
AEDC,01/01/2021,band_a,6318211320
AEDC,01/01/2021,band_b,1132128835
AEDC,01/01/2021,band_c,568178250.3
AEDC,01/01/2021,band_d,729267003.5
AEDC,01/01/2021,band_e,166949281
AEDC,01/02/2021,lifeline,12000
AEDC,01/02/2021,band_a,7012347721
AEDC,01/02/2021,band_b,1223423834
AEDC,01/02/2021,band_c,656362492.4
AEDC,01/02/2021,band_d,896152620.5
AEDC,01/02/2021,band_e,188692959.9
AEDC,01/03/2021,lifeline,27346
AEDC,01/03/2021,band_a,7198518847
AEDC,01/03/2021,band_b,1137734240
AEDC,01/03/2021,band_c,663192378.8
AEDC,01/03/2021,band_d,901444666.5
AEDC,01/03/2021,band_e,175776175.5
AEDC,01/04/2021,lifeline,38951
AEDC,01/04/2021,band_a,7005890208
AEDC,01/04/2021,band_b,1060512327
AEDC,01/04/2021,band_c,727650884
AEDC,01/04/2021,band_d,823096928
AEDC,01/04/2021,band_e,163262450
AEDC,01/05/2021,lifeline,28500
AEDC,01/05/2021,band_a,6293167440
AEDC,01/05/2021,band_b,945566050.6
AEDC,01/05/2021,band_c,569063816.8
AEDC,01/05/2021,band_d,742814950.6
AEDC,01/05/2021,band_e,140399272.1
AEDC,01/06/2021,lifeline,13500
AEDC,01/06/2021,band_a,6280080818
AEDC,01/06/2021,band_b,966935370.4
AEDC,01/06/2021,band_c,639121923.9
AEDC,01/06/2021,band_d,764269220.8
AEDC,01/06/2021,band_e,154687640.7
AEDC,01/07/2021,lifeline,85755.8
AEDC,01/07/2021,band_a,7079544784
AEDC,01/07/2021,band_b,1086250984
AEDC,01/07/2021,band_c,997136509.6
AEDC,01/07/2021,band_d,821577307.2
AEDC,01/07/2021,band_e,176726844
AEDC,01/08/2021,lifeline,231788.08
AEDC,01/08/2021,band_a,6773822045
AEDC,01/08/2021,band_b,980676242.2
AEDC,01/08/2021,band_c,605598054.9
AEDC,01/08/2021,band_d,770979246.9
AEDC,01/08/2021,band_e,155076641.6
AEDC,01/09/2021,lifeline,117550
AEDC,01/09/2021,band_a,6835203630
AEDC,01/09/2021,band_b,1056510681
AEDC,01/09/2021,band_c,640731768.9
AEDC,01/09/2021,band_d,781801939.6
AEDC,01/09/2021,band_e,156771907.1
AEDC,01/10/2021,lifeline,135978.7
AEDC,01/10/2021,band_a,7321333385
AEDC,01/10/2021,band_b,1135321983
AEDC,01/10/2021,band_c,797946585.2
AEDC,01/10/2021,band_d,872238086.5
AEDC,01/10/2021,band_e,167340370.6
AEDC,01/11/2021,lifeline,0
AEDC,01/11/2021,band_a,8730871166
AEDC,01/11/2021,band_b,1133267659
AEDC,01/11/2021,band_c,834512265.2
AEDC,01/11/2021,band_d,877279551.8
AEDC,01/11/2021,band_e,172250674.8
AEDC,01/12/2021,lifeline,77600
AEDC,01/12/2021,band_a,6962767118
AEDC,01/12/2021,band_b,1081864608
AEDC,01/12/2021,band_c,807509553.6
AEDC,01/12/2021,band_d,875151076.1
AEDC,01/12/2021,band_e,160823618.5
AEDC,01/01/2022,lifeline,66700
AEDC,01/01/2022,band_a,8090597496
AEDC,01/01/2022,band_b,1092201378
AEDC,01/01/2022,band_c,667656245.4
AEDC,01/01/2022,band_d,885845718
AEDC,01/01/2022,band_e,158078618
AEDC,01/02/2022,lifeline,166601.29
AEDC,01/02/2022,band_a,7509565397
AEDC,01/02/2022,band_b,1096036590
AEDC,01/02/2022,band_c,533296605.1
AEDC,01/02/2022,band_d,877457453.8
AEDC,01/02/2022,band_e,132915918.7
AEDC,01/03/2022,lifeline,33218.75
AEDC,01/03/2022,band_a,6780235295
AEDC,01/03/2022,band_b,1102640884
AEDC,01/03/2022,band_c,601707691.7
AEDC,01/03/2022,band_d,829950526
AEDC,01/03/2022,band_e,135578548.8
AEDC,01/04/2022,lifeline,82500
AEDC,01/04/2022,band_a,7202994171
AEDC,01/04/2022,band_b,1075515448
AEDC,01/04/2022,band_c,697796012.4
AEDC,01/04/2022,band_d,783960082.3
AEDC,01/04/2022,band_e,129602685.4
AEDC,01/05/2022,lifeline,102170
AEDC,01/05/2022,band_a,6511464884
AEDC,01/05/2022,band_b,905500325.8
AEDC,01/05/2022,band_c,448108611
AEDC,01/05/2022,band_d,777364011.3
AEDC,01/05/2022,band_e,141585766.7
AEDC,01/06/2022,lifeline,56400
AEDC,01/06/2022,band_a,6944160818
AEDC,01/06/2022,band_b,1139077970
AEDC,01/06/2022,band_c,752685663.3
AEDC,01/06/2022,band_d,843904521.6
AEDC,01/06/2022,band_e,163555064.8
AEDC,01/07/2022,lifeline,100400
AEDC,01/07/2022,band_a,7321310349
AEDC,01/07/2022,band_b,1354749409
AEDC,01/07/2022,band_c,806976872
AEDC,01/07/2022,band_d,1101025712
AEDC,01/07/2022,band_e,198831569.4
AEDC,01/08/2022,lifeline,90300
AEDC,01/08/2022,band_a,7011645331
AEDC,01/08/2022,band_b,1265390744
AEDC,01/08/2022,band_c,696291490.1
AEDC,01/08/2022,band_d,1123425900
AEDC,01/08/2022,band_e,209287633
AEDC,01/09/2022,lifeline,16500
AEDC,01/09/2022,band_a,7804792804
AEDC,01/09/2022,band_b,1169673456
AEDC,01/09/2022,band_c,684359637.1
AEDC,01/09/2022,band_d,1014377755
AEDC,01/09/2022,band_e,193490207.5
BEDC,01/11/2020,lifeline,0
BEDC,01/11/2020,band_a,1964655672
BEDC,01/11/2020,band_b,631141065.4
BEDC,01/11/2020,band_c,817421722
BEDC,01/11/2020,band_d,505564122.9
BEDC,01/11/2020,band_e,730062691.7
BEDC,01/12/2020,lifeline,0
BEDC,01/12/2020,band_a,1822678035
BEDC,01/12/2020,band_b,532516534
BEDC,01/12/2020,band_c,781395899.9
BEDC,01/12/2020,band_d,467241965.6
BEDC,01/12/2020,band_e,645756594.5
BEDC,01/01/2021,lifeline,0
BEDC,01/01/2021,band_a,1863437392
BEDC,01/01/2021,band_b,649836965.8
BEDC,01/01/2021,band_c,728152182.1
BEDC,01/01/2021,band_d,479070623.6
BEDC,01/01/2021,band_e,712852662.8
BEDC,01/02/2021,lifeline,0
BEDC,01/02/2021,band_a,1892201655
BEDC,01/02/2021,band_b,615000385.2
BEDC,01/02/2021,band_c,794640727
BEDC,01/02/2021,band_d,490132778
BEDC,01/02/2021,band_e,772229323.9
BEDC,01/03/2021,lifeline,0
BEDC,01/03/2021,band_a,2123538009
BEDC,01/03/2021,band_b,841722289.4
BEDC,01/03/2021,band_c,636665653.1
BEDC,01/03/2021,band_d,445033012.9
BEDC,01/03/2021,band_e,875531786
BEDC,01/04/2021,lifeline,0
BEDC,01/04/2021,band_a,1796561972
BEDC,01/04/2021,band_b,826018687.2
BEDC,01/04/2021,band_c,631794929.6
BEDC,01/04/2021,band_d,431799856.5
BEDC,01/04/2021,band_e,881666392.2
BEDC,01/05/2021,lifeline,0
BEDC,01/05/2021,band_a,1542773346
BEDC,01/05/2021,band_b,826302325.4
BEDC,01/05/2021,band_c,695466063.1
BEDC,01/05/2021,band_d,461035301.4
BEDC,01/05/2021,band_e,952905251.8
BEDC,01/06/2021,lifeline,0
BEDC,01/06/2021,band_a,1979584762
BEDC,01/06/2021,band_b,781048793.8
BEDC,01/06/2021,band_c,806561225.7
BEDC,01/06/2021,band_d,435117724.2
BEDC,01/06/2021,band_e,997204314.3
BEDC,01/07/2021,lifeline,0
BEDC,01/07/2021,band_a,1837100634
BEDC,01/07/2021,band_b,772799089.2
BEDC,01/07/2021,band_c,786820562.1
BEDC,01/07/2021,band_d,459824278.1
BEDC,01/07/2021,band_e,979842447.6
BEDC,01/08/2021,lifeline,0
BEDC,01/08/2021,band_a,2050211909
BEDC,01/08/2021,band_b,821208412.7
BEDC,01/08/2021,band_c,737972610.5
BEDC,01/08/2021,band_d,500667881.1
BEDC,01/08/2021,band_e,1012650992
BEDC,01/09/2021,lifeline,143670.01
BEDC,01/09/2021,band_a,1660937098
BEDC,01/09/2021,band_b,897523676.5
BEDC,01/09/2021,band_c,865765826.9
BEDC,01/09/2021,band_d,675936755.5
BEDC,01/09/2021,band_e,825544591.3
BEDC,01/10/2021,lifeline,223973
BEDC,01/10/2021,band_a,1733772419
BEDC,01/10/2021,band_b,900728132
BEDC,01/10/2021,band_c,936364987.9
BEDC,01/10/2021,band_d,656438740.6
BEDC,01/10/2021,band_e,973821334.8
BEDC,01/11/2021,lifeline,234150.01
BEDC,01/11/2021,band_a,1690879239
BEDC,01/11/2021,band_b,916050739.2
BEDC,01/11/2021,band_c,912503304.5
BEDC,01/11/2021,band_d,668013602.4
BEDC,01/11/2021,band_e,982788323.9
BEDC,01/12/2021,lifeline,234150.01
BEDC,01/12/2021,band_a,1681857723
BEDC,01/12/2021,band_b,912001005.4
BEDC,01/12/2021,band_c,878115965.1
BEDC,01/12/2021,band_d,661636669.5
BEDC,01/12/2021,band_e,950061756.5
BEDC,01/01/2022,lifeline,230370.03
BEDC,01/01/2022,band_a,1897161576
BEDC,01/01/2022,band_b,1009972672
BEDC,01/01/2022,band_c,924075504.7
BEDC,01/01/2022,band_d,621200675.7
BEDC,01/01/2022,band_e,959159732.2
BEDC,01/02/2022,lifeline,161350
BEDC,01/02/2022,band_a,2468979713
BEDC,01/02/2022,band_b,856698152.3
BEDC,01/02/2022,band_c,888901851.6
BEDC,01/02/2022,band_d,593745753.1
BEDC,01/02/2022,band_e,902897158.1
BEDC,01/03/2022,lifeline,365850
BEDC,01/03/2022,band_a,2349351661
BEDC,01/03/2022,band_b,876318686.5
BEDC,01/03/2022,band_c,839677211.7
BEDC,01/03/2022,band_d,624970456.1
BEDC,01/03/2022,band_e,880858618.5
BEDC,01/04/2022,lifeline,271300.07
BEDC,01/04/2022,band_a,2114592101
BEDC,01/04/2022,band_b,810257117.4
BEDC,01/04/2022,band_c,847161579.8
BEDC,01/04/2022,band_d,1005822102
BEDC,01/04/2022,band_e,894048254.7
BEDC,01/05/2022,lifeline,448600.02
BEDC,01/05/2022,band_a,1724412051
BEDC,01/05/2022,band_b,790440433.3
BEDC,01/05/2022,band_c,876493431.8
BEDC,01/05/2022,band_d,634238139.6
BEDC,01/05/2022,band_e,911460751.6
BEDC,01/06/2022,lifeline,413351
BEDC,01/06/2022,band_a,1975237455
BEDC,01/06/2022,band_b,766846567.2
BEDC,01/06/2022,band_c,976561616.9
BEDC,01/06/2022,band_d,693335547.9
BEDC,01/06/2022,band_e,1021513362
BEDC,01/07/2022,lifeline,227920.01
BEDC,01/07/2022,band_a,2005732495
BEDC,01/07/2022,band_b,835650911.7
BEDC,01/07/2022,band_c,942524651
BEDC,01/07/2022,band_d,682459467.5
BEDC,01/07/2022,band_e,1004050466
BEDC,01/08/2022,lifeline,303250
BEDC,01/08/2022,band_a,2687360715
BEDC,01/08/2022,band_b,894658545.9
BEDC,01/08/2022,band_c,966531120
BEDC,01/08/2022,band_d,685503196.8
BEDC,01/08/2022,band_e,1018640043
BEDC,01/09/2022,lifeline,292651
BEDC,01/09/2022,band_a,2989853743
BEDC,01/09/2022,band_b,918217191.8
BEDC,01/09/2022,band_c,1058406232
BEDC,01/09/2022,band_d,742651792.8
BEDC,01/09/2022,band_e,1093975432
EKEDC,01/11/2020,lifeline,0
EKEDC,01/11/2020,band_a,2805104332
EKEDC,01/11/2020,band_b,3433583969
EKEDC,01/11/2020,band_c,1235383041
EKEDC,01/11/2020,band_d,1504147932
EKEDC,01/11/2020,band_e,421351864.6
EKEDC,01/12/2020,lifeline,0
EKEDC,01/12/2020,band_a,3151921697
EKEDC,01/12/2020,band_b,3635166185
EKEDC,01/12/2020,band_c,1296147966
EKEDC,01/12/2020,band_d,1559364699
EKEDC,01/12/2020,band_e,413491723.8
EKEDC,01/01/2021,lifeline,0
EKEDC,01/01/2021,band_a,3326562955
EKEDC,01/01/2021,band_b,3691388266
EKEDC,01/01/2021,band_c,1294356886
EKEDC,01/01/2021,band_d,1598928807
EKEDC,01/01/2021,band_e,405820005
EKEDC,01/02/2021,lifeline,0
EKEDC,01/02/2021,band_a,2923408732
EKEDC,01/02/2021,band_b,3719685632
EKEDC,01/02/2021,band_c,1365980069
EKEDC,01/02/2021,band_d,1584674648
EKEDC,01/02/2021,band_e,412946286.4
EKEDC,01/03/2021,lifeline,0
EKEDC,01/03/2021,band_a,2759308558
EKEDC,01/03/2021,band_b,3313676670
EKEDC,01/03/2021,band_c,1482497233
EKEDC,01/03/2021,band_d,1355603201
EKEDC,01/03/2021,band_e,380258688.2
EKEDC,01/04/2021,lifeline,0
EKEDC,01/04/2021,band_a,3019992836
EKEDC,01/04/2021,band_b,3524622793
EKEDC,01/04/2021,band_c,1472974790
EKEDC,01/04/2021,band_d,1377990449
EKEDC,01/04/2021,band_e,405460275.1
EKEDC,01/05/2021,lifeline,0
EKEDC,01/05/2021,band_a,2823864118
EKEDC,01/05/2021,band_b,3316414135
EKEDC,01/05/2021,band_c,1591138115
EKEDC,01/05/2021,band_d,1429545968
EKEDC,01/05/2021,band_e,396444673.6
EKEDC,01/06/2021,lifeline,0
EKEDC,01/06/2021,band_a,2741093087
EKEDC,01/06/2021,band_b,3171168297
EKEDC,01/06/2021,band_c,1485755954
EKEDC,01/06/2021,band_d,1477285873
EKEDC,01/06/2021,band_e,416671943.1
EKEDC,01/07/2021,lifeline,0
EKEDC,01/07/2021,band_a,2768190222
EKEDC,01/07/2021,band_b,3177294074
EKEDC,01/07/2021,band_c,1628045810
EKEDC,01/07/2021,band_d,1690655346
EKEDC,01/07/2021,band_e,483211147.5
EKEDC,01/08/2021,lifeline,0
EKEDC,01/08/2021,band_a,3006633137
EKEDC,01/08/2021,band_b,3407090262
EKEDC,01/08/2021,band_c,1464763357
EKEDC,01/08/2021,band_d,1629040719
EKEDC,01/08/2021,band_e,471714342.2
EKEDC,01/09/2021,lifeline,0
EKEDC,01/09/2021,band_a,2484539908
EKEDC,01/09/2021,band_b,3497061661
EKEDC,01/09/2021,band_c,1392352486
EKEDC,01/09/2021,band_d,1673790240
EKEDC,01/09/2021,band_e,494705221.3
EKEDC,01/10/2021,lifeline,0
EKEDC,01/10/2021,band_a,3479538633
EKEDC,01/10/2021,band_b,3701080109
EKEDC,01/10/2021,band_c,1562711461
EKEDC,01/10/2021,band_d,1689801964
EKEDC,01/10/2021,band_e,476970021.3
EKEDC,01/11/2021,lifeline,0
EKEDC,01/11/2021,band_a,3399408277
EKEDC,01/11/2021,band_b,3822207282
EKEDC,01/11/2021,band_c,1580674319
EKEDC,01/11/2021,band_d,1737304061
EKEDC,01/11/2021,band_e,499892005.1
EKEDC,01/12/2021,lifeline,0
EKEDC,01/12/2021,band_a,3679595360
EKEDC,01/12/2021,band_b,4141111681
EKEDC,01/12/2021,band_c,1546986096
EKEDC,01/12/2021,band_d,1537125904
EKEDC,01/12/2021,band_e,409256086.7
EKEDC,01/01/2022,lifeline,0
EKEDC,01/01/2022,band_a,3245857513
EKEDC,01/01/2022,band_b,3537902863
EKEDC,01/01/2022,band_c,1408656845
EKEDC,01/01/2022,band_d,1428524833
EKEDC,01/01/2022,band_e,410904624.8
EKEDC,01/02/2022,lifeline,0
EKEDC,01/02/2022,band_a,4517232776
EKEDC,01/02/2022,band_b,2864078853
EKEDC,01/02/2022,band_c,1332037370
EKEDC,01/02/2022,band_d,988119596
EKEDC,01/02/2022,band_e,249063510.2
EKEDC,01/03/2022,lifeline,0
EKEDC,01/03/2022,band_a,3852408055
EKEDC,01/03/2022,band_b,2466487125
EKEDC,01/03/2022,band_c,1430847383
EKEDC,01/03/2022,band_d,1012778963
EKEDC,01/03/2022,band_e,221383838.7
EKEDC,01/04/2022,lifeline,0
EKEDC,01/04/2022,band_a,3734189862
EKEDC,01/04/2022,band_b,2780383399
EKEDC,01/04/2022,band_c,1506455314
EKEDC,01/04/2022,band_d,1120114732
EKEDC,01/04/2022,band_e,230742458.7
EKEDC,01/05/2022,lifeline,0
EKEDC,01/05/2022,band_a,4049755666
EKEDC,01/05/2022,band_b,2651375838
EKEDC,01/05/2022,band_c,1383038587
EKEDC,01/05/2022,band_d,1007577550
EKEDC,01/05/2022,band_e,224819290
EKEDC,01/06/2022,lifeline,0
EKEDC,01/06/2022,band_a,3935575870
EKEDC,01/06/2022,band_b,2570078952
EKEDC,01/06/2022,band_c,1408109948
EKEDC,01/06/2022,band_d,1004782846
EKEDC,01/06/2022,band_e,180299060.1
EKEDC,01/07/2022,lifeline,0
EKEDC,01/07/2022,band_a,4230251020
EKEDC,01/07/2022,band_b,3081095831
EKEDC,01/07/2022,band_c,1566852645
EKEDC,01/07/2022,band_d,1197092803
EKEDC,01/07/2022,band_e,230528363.3
EKEDC,01/08/2022,lifeline,0
EKEDC,01/08/2022,band_a,4388024154
EKEDC,01/08/2022,band_b,3490171344
EKEDC,01/08/2022,band_c,1747354448
EKEDC,01/08/2022,band_d,1257490622
EKEDC,01/08/2022,band_e,254751949.5
EKEDC,01/09/2022,lifeline,0
EKEDC,01/09/2022,band_a,4486790458
EKEDC,01/09/2022,band_b,3461183621
EKEDC,01/09/2022,band_c,1689888679
EKEDC,01/09/2022,band_d,1187018403
EKEDC,01/09/2022,band_e,92730716.42
EEDC,01/11/2020,lifeline,200768
EEDC,01/11/2020,band_a,1235994960
EEDC,01/11/2020,band_b,1216632815
EEDC,01/11/2020,band_c,2304713111
EEDC,01/11/2020,band_d,540949704.3
EEDC,01/11/2020,band_e,163549239.8
EEDC,01/12/2020,lifeline,126401
EEDC,01/12/2020,band_a,1484615764
EEDC,01/12/2020,band_b,1199362496
EEDC,01/12/2020,band_c,2160197203
EEDC,01/12/2020,band_d,487859367.7
EEDC,01/12/2020,band_e,108591498.6
EEDC,01/01/2021,lifeline,146695
EEDC,01/01/2021,band_a,1720105986
EEDC,01/01/2021,band_b,1252697218
EEDC,01/01/2021,band_c,2258584510
EEDC,01/01/2021,band_d,551040700.2
EEDC,01/01/2021,band_e,127875721.8
EEDC,01/02/2021,lifeline,181603
EEDC,01/02/2021,band_a,1659226893
EEDC,01/02/2021,band_b,1379985651
EEDC,01/02/2021,band_c,2297525846
EEDC,01/02/2021,band_d,589179113.4
EEDC,01/02/2021,band_e,133550006
EEDC,01/03/2021,lifeline,115849
EEDC,01/03/2021,band_a,1631845732
EEDC,01/03/2021,band_b,1234456310
EEDC,01/03/2021,band_c,2136296864
EEDC,01/03/2021,band_d,527045289.7
EEDC,01/03/2021,band_e,104866225.6
EEDC,01/04/2021,lifeline,104209
EEDC,01/04/2021,band_a,1489088292
EEDC,01/04/2021,band_b,1217253409
EEDC,01/04/2021,band_c,2144209525
EEDC,01/04/2021,band_d,507817744.7
EEDC,01/04/2021,band_e,97095021.97
EEDC,01/05/2021,lifeline,124035
EEDC,01/05/2021,band_a,1646920622
EEDC,01/05/2021,band_b,1163697086
EEDC,01/05/2021,band_c,2211788937
EEDC,01/05/2021,band_d,557047924.3
EEDC,01/05/2021,band_e,101423229.1
EEDC,01/06/2021,lifeline,102414
EEDC,01/06/2021,band_a,1489495669
EEDC,01/06/2021,band_b,1162659905
EEDC,01/06/2021,band_c,2184734178
EEDC,01/06/2021,band_d,718423446.9
EEDC,01/06/2021,band_e,197638221.9
EEDC,01/07/2021,lifeline,75335
EEDC,01/07/2021,band_a,1541290421
EEDC,01/07/2021,band_b,1168601012
EEDC,01/07/2021,band_c,2059049461
EEDC,01/07/2021,band_d,649027877.4
EEDC,01/07/2021,band_e,175822762.5
EEDC,01/08/2021,lifeline,83473
EEDC,01/08/2021,band_a,1406655183
EEDC,01/08/2021,band_b,1187184165
EEDC,01/08/2021,band_c,2049524571
EEDC,01/08/2021,band_d,667477962.1
EEDC,01/08/2021,band_e,171473348.5
EEDC,01/09/2021,lifeline,75953
EEDC,01/09/2021,band_a,1451664803
EEDC,01/09/2021,band_b,1248615768
EEDC,01/09/2021,band_c,2059960322
EEDC,01/09/2021,band_d,610315138.3
EEDC,01/09/2021,band_e,139810426.8
EEDC,01/10/2021,lifeline,107451
EEDC,01/10/2021,band_a,1469080118
EEDC,01/10/2021,band_b,1312871417
EEDC,01/10/2021,band_c,2238253721
EEDC,01/10/2021,band_d,688159655.1
EEDC,01/10/2021,band_e,160541023.6
EEDC,01/11/2021,lifeline,198001
EEDC,01/11/2021,band_a,1648091983
EEDC,01/11/2021,band_b,1372607329
EEDC,01/11/2021,band_c,2497597145
EEDC,01/11/2021,band_d,812910083.6
EEDC,01/11/2021,band_e,255332609.3
EEDC,01/12/2021,lifeline,175510
EEDC,01/12/2021,band_a,1563210524
EEDC,01/12/2021,band_b,1293575176
EEDC,01/12/2021,band_c,2309651704
EEDC,01/12/2021,band_d,732293328.5
EEDC,01/12/2021,band_e,242412673.1
EEDC,01/01/2022,lifeline,135230
EEDC,01/01/2022,band_a,1508465993
EEDC,01/01/2022,band_b,1253470596
EEDC,01/01/2022,band_c,2352014558
EEDC,01/01/2022,band_d,803740039.8
EEDC,01/01/2022,band_e,243690244.2
EEDC,01/02/2022,lifeline,181390
EEDC,01/02/2022,band_a,1821913618
EEDC,01/02/2022,band_b,1356240109
EEDC,01/02/2022,band_c,2407518271
EEDC,01/02/2022,band_d,751694425
EEDC,01/02/2022,band_e,248933780.4
EEDC,01/03/2022,lifeline,113230
EEDC,01/03/2022,band_a,1425467800
EEDC,01/03/2022,band_b,1146126805
EEDC,01/03/2022,band_c,2023352704
EEDC,01/03/2022,band_d,587454908.6
EEDC,01/03/2022,band_e,171269815
EEDC,01/04/2022,lifeline,104209
EEDC,01/04/2022,band_a,1489088292
EEDC,01/04/2022,band_b,1217253409
EEDC,01/04/2022,band_c,2144209525
EEDC,01/04/2022,band_d,507817744.7
EEDC,01/04/2022,band_e,97095021.97
EEDC,01/05/2022,lifeline,19200
EEDC,01/05/2022,band_a,1364754852
EEDC,01/05/2022,band_b,1188797450
EEDC,01/05/2022,band_c,1949504977
EEDC,01/05/2022,band_d,595000299.2
EEDC,01/05/2022,band_e,173359861.3
EEDC,01/06/2022,lifeline,574236
EEDC,01/06/2022,band_a,1488836612
EEDC,01/06/2022,band_b,1208643766
EEDC,01/06/2022,band_c,2032092195
EEDC,01/06/2022,band_d,717123162
EEDC,01/06/2022,band_e,217867606
EEDC,01/07/2022,lifeline,561954
EEDC,01/07/2022,band_a,1653854342
EEDC,01/07/2022,band_b,1327534898
EEDC,01/07/2022,band_c,2250642618
EEDC,01/07/2022,band_d,710073108
EEDC,01/07/2022,band_e,215887383
EEDC,01/08/2022,lifeline,17442
EEDC,01/08/2022,band_a,2041566384
EEDC,01/08/2022,band_b,1321423298
EEDC,01/08/2022,band_c,1867849371
EEDC,01/08/2022,band_d,643199053
EEDC,01/08/2022,band_e,193928865
EEDC,01/09/2022,lifeline,35800
EEDC,01/09/2022,band_a,2229089593
EEDC,01/09/2022,band_b,1378629066
EEDC,01/09/2022,band_c,1227981827
EEDC,01/09/2022,band_d,305242540.1
EEDC,01/09/2022,band_e,140674694.4
IBEDC,01/11/2020,lifeline,18128820.11
IBEDC,01/11/2020,band_a,3052795803
IBEDC,01/11/2020,band_b,1081391099
IBEDC,01/11/2020,band_c,931551465.6
IBEDC,01/11/2020,band_d,1027356152
IBEDC,01/11/2020,band_e,789461580.4
IBEDC,01/12/2020,lifeline,12830365.67
IBEDC,01/12/2020,band_a,2723090585
IBEDC,01/12/2020,band_b,1104220492
IBEDC,01/12/2020,band_c,846603892.4
IBEDC,01/12/2020,band_d,901476988.5
IBEDC,01/12/2020,band_e,678472076.6
IBEDC,01/01/2021,lifeline,12288839.21
IBEDC,01/01/2021,band_a,3200519163
IBEDC,01/01/2021,band_b,1073449752
IBEDC,01/01/2021,band_c,868005490.6
IBEDC,01/01/2021,band_d,982325745.7
IBEDC,01/01/2021,band_e,681203110.6
IBEDC,01/02/2021,lifeline,8217206.168
IBEDC,01/02/2021,band_a,3422260143
IBEDC,01/02/2021,band_b,1137279084
IBEDC,01/02/2021,band_c,935816668.4
IBEDC,01/02/2021,band_d,1023179664
IBEDC,01/02/2021,band_e,748875521.3
IBEDC,01/03/2021,lifeline,6798420.278
IBEDC,01/03/2021,band_a,3481508454
IBEDC,01/03/2021,band_b,1080233026
IBEDC,01/03/2021,band_c,875158682
IBEDC,01/03/2021,band_d,936144930.1
IBEDC,01/03/2021,band_e,686582353.9
IBEDC,01/04/2021,lifeline,5182212.631
IBEDC,01/04/2021,band_a,3544769772
IBEDC,01/04/2021,band_b,1200182275
IBEDC,01/04/2021,band_c,858767284.9
IBEDC,01/04/2021,band_d,868718363.9
IBEDC,01/04/2021,band_e,630742733.3
IBEDC,01/05/2021,lifeline,6588842.812
IBEDC,01/05/2021,band_a,3126028916
IBEDC,01/05/2021,band_b,623756502.3
IBEDC,01/05/2021,band_c,1845654243
IBEDC,01/05/2021,band_d,580702436.5
IBEDC,01/05/2021,band_e,418329730.2
IBEDC,01/06/2021,lifeline,8482001.877
IBEDC,01/06/2021,band_a,3477427507
IBEDC,01/06/2021,band_b,1193013656
IBEDC,01/06/2021,band_c,894799904.3
IBEDC,01/06/2021,band_d,867296784.2
IBEDC,01/06/2021,band_e,660512846.9
IBEDC,01/07/2021,lifeline,8125361.318
IBEDC,01/07/2021,band_a,5481623692
IBEDC,01/07/2021,band_b,1283198973
IBEDC,01/07/2021,band_c,942838322
IBEDC,01/07/2021,band_d,893236791
IBEDC,01/07/2021,band_e,696835072
IBEDC,01/08/2021,lifeline,8714096.882
IBEDC,01/08/2021,band_a,3682483223
IBEDC,01/08/2021,band_b,1368320800
IBEDC,01/08/2021,band_c,942513641.9
IBEDC,01/08/2021,band_d,906220815.7
IBEDC,01/08/2021,band_e,714934795.8
IBEDC,01/09/2021,lifeline,8179329.262
IBEDC,01/09/2021,band_a,3817535509
IBEDC,01/09/2021,band_b,1399184421
IBEDC,01/09/2021,band_c,963040068.1
IBEDC,01/09/2021,band_d,832157835.7
IBEDC,01/09/2021,band_e,687023988
IBEDC,01/10/2021,lifeline,8781485.431
IBEDC,01/10/2021,band_a,3748446262
IBEDC,01/10/2021,band_b,1496405544
IBEDC,01/10/2021,band_c,973062420.4
IBEDC,01/10/2021,band_d,912286018.7
IBEDC,01/10/2021,band_e,720348455.9
IBEDC,01/11/2021,lifeline,9931705.326
IBEDC,01/11/2021,band_a,4313529201
IBEDC,01/11/2021,band_b,1662945210
IBEDC,01/11/2021,band_c,1057413678
IBEDC,01/11/2021,band_d,1051582969
IBEDC,01/11/2021,band_e,758363966.9
IBEDC,01/12/2021,lifeline,9110922.632
IBEDC,01/12/2021,band_a,3885047516
IBEDC,01/12/2021,band_b,1588640994
IBEDC,01/12/2021,band_c,1023669519
IBEDC,01/12/2021,band_d,892423722.4
IBEDC,01/12/2021,band_e,646112305.9
IBEDC,01/01/2022,lifeline,10106082.16
IBEDC,01/01/2022,band_a,3744755588
IBEDC,01/01/2022,band_b,1381653012
IBEDC,01/01/2022,band_c,896678794.3
IBEDC,01/01/2022,band_d,762824372.4
IBEDC,01/01/2022,band_e,558619678.6
IBEDC,01/02/2022,lifeline,10247511.95
IBEDC,01/02/2022,band_a,3978966487
IBEDC,01/02/2022,band_b,1299405544
IBEDC,01/02/2022,band_c,923856954.6
IBEDC,01/02/2022,band_d,726936002.8
IBEDC,01/02/2022,band_e,475881195
IBEDC,01/03/2022,lifeline,7991805.463
IBEDC,01/03/2022,band_a,3706636788
IBEDC,01/03/2022,band_b,1288516851
IBEDC,01/03/2022,band_c,854478811.1
IBEDC,01/03/2022,band_d,719463789.9
IBEDC,01/03/2022,band_e,493658152.2
IBEDC,01/04/2022,lifeline,6783144.695
IBEDC,01/04/2022,band_a,3706070725
IBEDC,01/04/2022,band_b,1308842135
IBEDC,01/04/2022,band_c,921410433.4
IBEDC,01/04/2022,band_d,743725016.7
IBEDC,01/04/2022,band_e,513423352.8
IBEDC,01/05/2022,lifeline,7450230.671
IBEDC,01/05/2022,band_a,3734910431
IBEDC,01/05/2022,band_b,1214567098
IBEDC,01/05/2022,band_c,825243337.3
IBEDC,01/05/2022,band_d,739205017.4
IBEDC,01/05/2022,band_e,490875862.8
IBEDC,01/06/2022,lifeline,9174598.534
IBEDC,01/06/2022,band_a,3634016546
IBEDC,01/06/2022,band_b,1121194944
IBEDC,01/06/2022,band_c,917765583
IBEDC,01/06/2022,band_d,855611556.7
IBEDC,01/06/2022,band_e,490760162.9
IBEDC,01/07/2022,lifeline,8595507.236
IBEDC,01/07/2022,band_a,3989878019
IBEDC,01/07/2022,band_b,1343224941
IBEDC,01/07/2022,band_c,1045303848
IBEDC,01/07/2022,band_d,1035150701
IBEDC,01/07/2022,band_e,634731757.4
IBEDC,01/08/2022,lifeline,9877482.241
IBEDC,01/08/2022,band_a,3838602512
IBEDC,01/08/2022,band_b,1450314507
IBEDC,01/08/2022,band_c,1060505888
IBEDC,01/08/2022,band_d,1041722094
IBEDC,01/08/2022,band_e,609149089.3
IBEDC,01/09/2022,lifeline,8560541.738
IBEDC,01/09/2022,band_a,3648653191
IBEDC,01/09/2022,band_b,1319329583
IBEDC,01/09/2022,band_c,1014126211
IBEDC,01/09/2022,band_d,999192292.8
IBEDC,01/09/2022,band_e,512506252.1
IE,01/11/2020,lifeline,0
IE,01/11/2020,band_a,4361793850
IE,01/11/2020,band_b,1571271907
IE,01/11/2020,band_c,2877083980
IE,01/11/2020,band_d,1562351307
IE,01/11/2020,band_e,11055131.56
IE,01/12/2020,lifeline,0
IE,01/12/2020,band_a,4947051942
IE,01/12/2020,band_b,2111187476
IE,01/12/2020,band_c,2902381308
IE,01/12/2020,band_d,1649484892
IE,01/12/2020,band_e,62333600.78
IE,01/01/2021,lifeline,0
IE,01/01/2021,band_a,4423693830
IE,01/01/2021,band_b,2689864086
IE,01/01/2021,band_c,3273687954
IE,01/01/2021,band_d,1496183332
IE,01/01/2021,band_e,21404275.98
IE,01/02/2021,lifeline,0
IE,01/02/2021,band_a,5251514099
IE,01/02/2021,band_b,2151838137
IE,01/02/2021,band_c,4777922007
IE,01/02/2021,band_d,206324716.8
IE,01/02/2021,band_e,157867028
IE,01/03/2021,lifeline,0
IE,01/03/2021,band_a,4600323274
IE,01/03/2021,band_b,2096230468
IE,01/03/2021,band_c,3319430580
IE,01/03/2021,band_d,1733178065
IE,01/03/2021,band_e,19593288.15
IE,01/04/2021,lifeline,0
IE,01/04/2021,band_a,4952455618
IE,01/04/2021,band_b,2308846892
IE,01/04/2021,band_c,3041927054
IE,01/04/2021,band_d,1582726350
IE,01/04/2021,band_e,91262511.46
IE,01/05/2021,lifeline,0
IE,01/05/2021,band_a,5175432570
IE,01/05/2021,band_b,2389451583
IE,01/05/2021,band_c,3595806361
IE,01/05/2021,band_d,1788496111
IE,01/05/2021,band_e,72045739.02
IE,01/06/2021,lifeline,0
IE,01/06/2021,band_a,5074246158
IE,01/06/2021,band_b,2343870312
IE,01/06/2021,band_c,3733840761
IE,01/06/2021,band_d,1446188053
IE,01/06/2021,band_e,55445177.66
IE,01/07/2021,lifeline,0
IE,01/07/2021,band_a,4363160263
IE,01/07/2021,band_b,2722708666
IE,01/07/2021,band_c,4606579875
IE,01/07/2021,band_d,1142313702
IE,01/07/2021,band_e,11620467.35
IE,01/08/2021,lifeline,0
IE,01/08/2021,band_a,5240276589
IE,01/08/2021,band_b,2621062609
IE,01/08/2021,band_c,4266837927
IE,01/08/2021,band_d,1258104462
IE,01/08/2021,band_e,23138509.19
IE,01/09/2021,lifeline,0
IE,01/09/2021,band_a,4958898927
IE,01/09/2021,band_b,2597186519
IE,01/09/2021,band_c,4195466547
IE,01/09/2021,band_d,1159654990
IE,01/09/2021,band_e,24809503.6
IE,01/10/2021,lifeline,0
IE,01/10/2021,band_a,5277721690
IE,01/10/2021,band_b,2743597415
IE,01/10/2021,band_c,4321568183
IE,01/10/2021,band_d,1224490576
IE,01/10/2021,band_e,24183953.9
IE,01/11/2021,lifeline,0
IE,01/11/2021,band_a,5243145761
IE,01/11/2021,band_b,2762399271
IE,01/11/2021,band_c,4511835221
IE,01/11/2021,band_d,1280542304
IE,01/11/2021,band_e,33378030.02
IE,01/12/2021,lifeline,0
IE,01/12/2021,band_a,5491693967
IE,01/12/2021,band_b,2963742382
IE,01/12/2021,band_c,5545374338
IE,01/12/2021,band_d,881626810
IE,01/12/2021,band_e,10949838
IE,01/01/2022,lifeline,0
IE,01/01/2022,band_a,5605571162
IE,01/01/2022,band_b,2878356326
IE,01/01/2022,band_c,3839298986
IE,01/01/2022,band_d,1695852078
IE,01/01/2022,band_e,23499285.33
IE,01/02/2022,lifeline,0
IE,01/02/2022,band_a,5622574858
IE,01/02/2022,band_b,2650853881
IE,01/02/2022,band_c,3560608287
IE,01/02/2022,band_d,1720385566
IE,01/02/2022,band_e,259218611.2
IE,01/03/2022,lifeline,0
IE,01/03/2022,band_a,5286090456
IE,01/03/2022,band_b,2459375642
IE,01/03/2022,band_c,3177717296
IE,01/03/2022,band_d,1608596952
IE,01/03/2022,band_e,409039686
IE,01/04/2022,lifeline,0
IE,01/04/2022,band_a,3569858901
IE,01/04/2022,band_b,985564330
IE,01/04/2022,band_c,6175766409
IE,01/04/2022,band_d,1280638936
IE,01/04/2022,band_e,665189807.4
IE,01/05/2022,lifeline,0
IE,01/05/2022,band_a,5224189880
IE,01/05/2022,band_b,2658277601
IE,01/05/2022,band_c,2961944825
IE,01/05/2022,band_d,1488853973
IE,01/05/2022,band_e,616602408
IE,01/06/2022,lifeline,0
IE,01/06/2022,band_a,4189315647
IE,01/06/2022,band_b,2335770723
IE,01/06/2022,band_c,3209874091
IE,01/06/2022,band_d,1372454868
IE,01/06/2022,band_e,19055154.12
IE,01/07/2022,lifeline,0
IE,01/07/2022,band_a,4856505807
IE,01/07/2022,band_b,2481473442
IE,01/07/2022,band_c,3118415760
IE,01/07/2022,band_d,1671301618
IE,01/07/2022,band_e,845212365.9
IE,01/08/2022,lifeline,0
IE,01/08/2022,band_a,5499341069
IE,01/08/2022,band_b,2913975224
IE,01/08/2022,band_c,4124649278
IE,01/08/2022,band_d,1742635435
IE,01/08/2022,band_e,441493962
IE,01/09/2022,lifeline,0
IE,01/09/2022,band_a,5064650549
IE,01/09/2022,band_b,2986051582
IE,01/09/2022,band_c,4184157445
IE,01/09/2022,band_d,1571080551
IE,01/09/2022,band_e,630773967
JEDC,01/11/2020,lifeline,2334929.02
JEDC,01/11/2020,band_a,650741526.9
JEDC,01/11/2020,band_b,292703836.8
JEDC,01/11/2020,band_c,174997709.6
JEDC,01/11/2020,band_d,343075800.4
JEDC,01/11/2020,band_e,170566878.9
JEDC,01/12/2020,lifeline,2757342.08
JEDC,01/12/2020,band_a,873339690.3
JEDC,01/12/2020,band_b,347835542.4
JEDC,01/12/2020,band_c,205521607.2
JEDC,01/12/2020,band_d,362568883.8
JEDC,01/12/2020,band_e,194709599.3
JEDC,01/01/2021,lifeline,1841201
JEDC,01/01/2021,band_a,662635097.4
JEDC,01/01/2021,band_b,322515067.8
JEDC,01/01/2021,band_c,182969673.9
JEDC,01/01/2021,band_d,309041495.9
JEDC,01/01/2021,band_e,165631283.1
JEDC,01/02/2021,lifeline,2327800
JEDC,01/02/2021,band_a,540253712
JEDC,01/02/2021,band_b,323872552
JEDC,01/02/2021,band_c,185917171.9
JEDC,01/02/2021,band_d,328202904.6
JEDC,01/02/2021,band_e,183975305.4
JEDC,01/03/2021,lifeline,2551481
JEDC,01/03/2021,band_a,884871477.6
JEDC,01/03/2021,band_b,365047250
JEDC,01/03/2021,band_c,206924412.6
JEDC,01/03/2021,band_d,365261070.4
JEDC,01/03/2021,band_e,213591703.7
JEDC,01/04/2021,lifeline,2016770
JEDC,01/04/2021,band_a,866569971.5
JEDC,01/04/2021,band_b,320663817
JEDC,01/04/2021,band_c,165919526.7
JEDC,01/04/2021,band_d,335350559.2
JEDC,01/04/2021,band_e,188223529.3
JEDC,01/05/2021,lifeline,1831128.53
JEDC,01/05/2021,band_a,902843613.8
JEDC,01/05/2021,band_b,371725525
JEDC,01/05/2021,band_c,198697034.3
JEDC,01/05/2021,band_d,397062613.3
JEDC,01/05/2021,band_e,213608802.4
JEDC,01/06/2021,lifeline,1351803
JEDC,01/06/2021,band_a,918745123.6
JEDC,01/06/2021,band_b,343450267.1
JEDC,01/06/2021,band_c,174586484.6
JEDC,01/06/2021,band_d,388781852.8
JEDC,01/06/2021,band_e,205907070.9
JEDC,01/07/2021,lifeline,1702696
JEDC,01/07/2021,band_a,736115580.7
JEDC,01/07/2021,band_b,349806525.2
JEDC,01/07/2021,band_c,203221960
JEDC,01/07/2021,band_d,425396384.7
JEDC,01/07/2021,band_e,232355253.1
JEDC,01/08/2021,lifeline,1664397.5
JEDC,01/08/2021,band_a,1476576803
JEDC,01/08/2021,band_b,433037877.2
JEDC,01/08/2021,band_c,206923324.8
JEDC,01/08/2021,band_d,180882845.5
JEDC,01/08/2021,band_e,159263203.2
JEDC,01/09/2021,lifeline,1774414
JEDC,01/09/2021,band_a,831580329.2
JEDC,01/09/2021,band_b,621194073.2
JEDC,01/09/2021,band_c,347101704.5
JEDC,01/09/2021,band_d,69465010.31
JEDC,01/09/2021,band_e,25815685.58
JEDC,01/10/2021,lifeline,1858851
JEDC,01/10/2021,band_a,1030434217
JEDC,01/10/2021,band_b,667896218.2
JEDC,01/10/2021,band_c,365872422
JEDC,01/10/2021,band_d,76788331.68
JEDC,01/10/2021,band_e,29450654.76
JEDC,01/11/2021,lifeline,1955664
JEDC,01/11/2021,band_a,727525087.3
JEDC,01/11/2021,band_b,678115654.9
JEDC,01/11/2021,band_c,396538392.1
JEDC,01/11/2021,band_d,105567070.2
JEDC,01/11/2021,band_e,27954542.39
JEDC,01/12/2021,lifeline,2519260.625
JEDC,01/12/2021,band_a,1351119757
JEDC,01/12/2021,band_b,702025806.2
JEDC,01/12/2021,band_c,408492843
JEDC,01/12/2021,band_d,85400392.22
JEDC,01/12/2021,band_e,30826275.11
JEDC,01/01/2022,lifeline,2331999
JEDC,01/01/2022,band_a,919637020.6
JEDC,01/01/2022,band_b,323767383.6
JEDC,01/01/2022,band_c,247561342.5
JEDC,01/01/2022,band_d,332121603.9
JEDC,01/01/2022,band_e,26411802.78
JEDC,01/02/2022,lifeline,2199613
JEDC,01/02/2022,band_a,1512912351
JEDC,01/02/2022,band_b,371948604.7
JEDC,01/02/2022,band_c,251280287.9
JEDC,01/02/2022,band_d,89718420
JEDC,01/02/2022,band_e,30274060.83
JEDC,01/03/2022,lifeline,2171715
JEDC,01/03/2022,band_a,1607564023
JEDC,01/03/2022,band_b,448101910.8
JEDC,01/03/2022,band_c,262001205.9
JEDC,01/03/2022,band_d,106137099.2
JEDC,01/03/2022,band_e,28395233.81
JEDC,01/04/2022,lifeline,910755
JEDC,01/04/2022,band_a,1277613056
JEDC,01/04/2022,band_b,373278819.8
JEDC,01/04/2022,band_c,210470037
JEDC,01/04/2022,band_d,92713235.95
JEDC,01/04/2022,band_e,20182062.59
JEDC,01/05/2022,lifeline,7215
JEDC,01/05/2022,band_a,2005310695
JEDC,01/05/2022,band_b,421188124.2
JEDC,01/05/2022,band_c,235011868.6
JEDC,01/05/2022,band_d,100899370.7
JEDC,01/05/2022,band_e,21156768.51
JEDC,01/06/2022,lifeline,0
JEDC,01/06/2022,band_a,1205125188
JEDC,01/06/2022,band_b,345337855
JEDC,01/06/2022,band_c,197411397.3
JEDC,01/06/2022,band_d,87006529.52
JEDC,01/06/2022,band_e,15072166.92
JEDC,01/07/2022,lifeline,925
JEDC,01/07/2022,band_a,1686405247
JEDC,01/07/2022,band_b,411288693.1
JEDC,01/07/2022,band_c,233863731.8
JEDC,01/07/2022,band_d,93663330.12
JEDC,01/07/2022,band_e,6616194.868
JEDC,01/08/2022,lifeline,0
JEDC,01/08/2022,band_a,1503070912
JEDC,01/08/2022,band_b,457596313.6
JEDC,01/08/2022,band_c,277248631
JEDC,01/08/2022,band_d,90936147.09
JEDC,01/08/2022,band_e,7512778.812
JEDC,01/09/2022,lifeline,9250
JEDC,01/09/2022,band_a,1324632183
JEDC,01/09/2022,band_b,444891289.1
JEDC,01/09/2022,band_c,292907564.3
JEDC,01/09/2022,band_d,101833727.7
JEDC,01/09/2022,band_e,8998327.388
KE,01/11/2020,lifeline,3105039.816
KE,01/11/2020,band_a,1148500069
KE,01/11/2020,band_b,245835218.3
KE,01/11/2020,band_c,174625538.9
KE,01/11/2020,band_d,79719910.51
KE,01/11/2020,band_e,48214223.02
KE,01/12/2020,lifeline,909873.717
KE,01/12/2020,band_a,1088374334
KE,01/12/2020,band_b,270110605.8
KE,01/12/2020,band_c,174431766.9
KE,01/12/2020,band_d,101906316.2
KE,01/12/2020,band_e,64267103.09
KE,01/01/2021,lifeline,2189220.693
KE,01/01/2021,band_a,1587617206
KE,01/01/2021,band_b,387800073.6
KE,01/01/2021,band_c,279824547.7
KE,01/01/2021,band_d,173348213.5
KE,01/01/2021,band_e,101220738.4
KE,01/02/2021,lifeline,1979021.909
KE,01/02/2021,band_a,1479071514
KE,01/02/2021,band_b,349615381.9
KE,01/02/2021,band_c,209409802.6
KE,01/02/2021,band_d,149460558.1
KE,01/02/2021,band_e,91463721.72
KE,01/03/2021,lifeline,2113915.732
KE,01/03/2021,band_a,1586179401
KE,01/03/2021,band_b,343462208.8
KE,01/03/2021,band_c,230763896.2
KE,01/03/2021,band_d,150754627.9
KE,01/03/2021,band_e,105725950.5
KE,01/04/2021,lifeline,621781.341
KE,01/04/2021,band_a,1619421867
KE,01/04/2021,band_b,353202263.5
KE,01/04/2021,band_c,236617452.4
KE,01/04/2021,band_d,147570146.8
KE,01/04/2021,band_e,99566489.14
KE,01/05/2021,lifeline,443778.4451
KE,01/05/2021,band_a,1592074228
KE,01/05/2021,band_b,303923822.3
KE,01/05/2021,band_c,210728315.7
KE,01/05/2021,band_d,127567105.7
KE,01/05/2021,band_e,92262750.23
KE,01/06/2021,lifeline,137398.9301
KE,01/06/2021,band_a,1560342482
KE,01/06/2021,band_b,358790402.7
KE,01/06/2021,band_c,221266033.5
KE,01/06/2021,band_d,134929438.1
KE,01/06/2021,band_e,97534244.67
KE,01/07/2021,lifeline,107708.5229
KE,01/07/2021,band_a,1824353861
KE,01/07/2021,band_b,355078387.3
KE,01/07/2021,band_c,240941498.4
KE,01/07/2021,band_d,126981112.7
KE,01/07/2021,band_e,79537432.01
KE,01/08/2021,lifeline,345006.3267
KE,01/08/2021,band_a,1668581987
KE,01/08/2021,band_b,317964848.9
KE,01/08/2021,band_c,260740794.3
KE,01/08/2021,band_d,120339318.6
KE,01/08/2021,band_e,92050808.42
KE,01/09/2021,lifeline,474113.384
KE,01/09/2021,band_a,1703337917
KE,01/09/2021,band_b,351879413.9
KE,01/09/2021,band_c,210341511.9
KE,01/09/2021,band_d,130312850
KE,01/09/2021,band_e,95421248.99
KE,01/10/2021,lifeline,413250
KE,01/10/2021,band_a,1091437453
KE,01/10/2021,band_b,429394296.7
KE,01/10/2021,band_c,468234617.1
KE,01/10/2021,band_d,208441181.7
KE,01/10/2021,band_e,72477253.5
KE,01/11/2021,lifeline,761950
KE,01/11/2021,band_a,1574373636
KE,01/11/2021,band_b,466688963.1
KE,01/11/2021,band_c,557675079.4
KE,01/11/2021,band_d,225902014.9
KE,01/11/2021,band_e,89957079.13
KE,01/12/2021,lifeline,1014550
KE,01/12/2021,band_a,1585254009
KE,01/12/2021,band_b,464542701
KE,01/12/2021,band_c,519267263.9
KE,01/12/2021,band_d,230571341.1
KE,01/12/2021,band_e,86878854.01
KE,01/01/2022,lifeline,1172100
KE,01/01/2022,band_a,1298116300
KE,01/01/2022,band_b,434576331.5
KE,01/01/2022,band_c,532304365.5
KE,01/01/2022,band_d,253041362.2
KE,01/01/2022,band_e,102689617.1
KE,01/02/2022,lifeline,838655
KE,01/02/2022,band_a,1677039952
KE,01/02/2022,band_b,453243625.6
KE,01/02/2022,band_c,497682962.1
KE,01/02/2022,band_d,241417655.8
KE,01/02/2022,band_e,116037014.1
KE,01/03/2022,lifeline,832700
KE,01/03/2022,band_a,1250756657
KE,01/03/2022,band_b,393892320.3
KE,01/03/2022,band_c,385016302.3
KE,01/03/2022,band_d,187461590.9
KE,01/03/2022,band_e,60166332.24
KE,01/04/2022,lifeline,715300
KE,01/04/2022,band_a,1031549505
KE,01/04/2022,band_b,412432556.5
KE,01/04/2022,band_c,425623232.3
KE,01/04/2022,band_d,206340885
KE,01/04/2022,band_e,70836044.33
KE,01/05/2022,lifeline,502400
KE,01/05/2022,band_a,1309869172
KE,01/05/2022,band_b,434524945.7
KE,01/05/2022,band_c,403169817
KE,01/05/2022,band_d,231400137.1
KE,01/05/2022,band_e,78203422.92
KE,01/06/2022,lifeline,372100
KE,01/06/2022,band_a,1067260787
KE,01/06/2022,band_b,431601508
KE,01/06/2022,band_c,442154064
KE,01/06/2022,band_d,211053336.7
KE,01/06/2022,band_e,69797385.87
KE,01/07/2022,lifeline,446250
KE,01/07/2022,band_a,971643607.2
KE,01/07/2022,band_b,390900196.6
KE,01/07/2022,band_c,397260277.4
KE,01/07/2022,band_d,220541950.9
KE,01/07/2022,band_e,65096632.52
KE,01/08/2022,lifeline,1190570
KE,01/08/2022,band_a,1064927180
KE,01/08/2022,band_b,416913490.5
KE,01/08/2022,band_c,422229989.1
KE,01/08/2022,band_d,210988080.9
KE,01/08/2022,band_e,83141806.8
KE,01/09/2022,lifeline,994155.6
KE,01/09/2022,band_a,1083362456
KE,01/09/2022,band_b,428981103.4
KE,01/09/2022,band_c,436610362.7
KE,01/09/2022,band_d,197953281.8
KE,01/09/2022,band_e,85999103.6
KEDCO,01/11/2020,lifeline,5695700
KEDCO,01/11/2020,band_a,1839211259
KEDCO,01/11/2020,band_b,600448627.6
KEDCO,01/11/2020,band_c,1001277432
KEDCO,01/11/2020,band_d,406849623.6
KEDCO,01/11/2020,band_e,130686115
KEDCO,01/12/2020,lifeline,4849038
KEDCO,01/12/2020,band_a,1953837043
KEDCO,01/12/2020,band_b,685720785.5
KEDCO,01/12/2020,band_c,446798893.2
KEDCO,01/12/2020,band_d,492938841
KEDCO,01/12/2020,band_e,130361723.2
KEDCO,01/01/2021,lifeline,8431083
KEDCO,01/01/2021,band_a,2118106315
KEDCO,01/01/2021,band_b,469408603.4
KEDCO,01/01/2021,band_c,412228758.1
KEDCO,01/01/2021,band_d,369449568.3
KEDCO,01/01/2021,band_e,126009463.2
KEDCO,01/02/2021,lifeline,5988025
KEDCO,01/02/2021,band_a,2210429467
KEDCO,01/02/2021,band_b,463535595.2
KEDCO,01/02/2021,band_c,679056248.2
KEDCO,01/02/2021,band_d,439994071.6
KEDCO,01/02/2021,band_e,173555644.3
KEDCO,01/03/2021,lifeline,4812702
KEDCO,01/03/2021,band_a,2148467884
KEDCO,01/03/2021,band_b,775511244.6
KEDCO,01/03/2021,band_c,496544534.3
KEDCO,01/03/2021,band_d,333567014.5
KEDCO,01/03/2021,band_e,137380252.2
KEDCO,01/04/2021,lifeline,5365505.03
KEDCO,01/04/2021,band_a,1664745693
KEDCO,01/04/2021,band_b,812098225.9
KEDCO,01/04/2021,band_c,552262599.4
KEDCO,01/04/2021,band_d,419956988
KEDCO,01/04/2021,band_e,143320766.4
KEDCO,01/05/2021,lifeline,4260905
KEDCO,01/05/2021,band_a,2017843653
KEDCO,01/05/2021,band_b,790183398.8
KEDCO,01/05/2021,band_c,577037480.9
KEDCO,01/05/2021,band_d,383406633
KEDCO,01/05/2021,band_e,148148564
KEDCO,01/06/2021,lifeline,3697289
KEDCO,01/06/2021,band_a,2016193268
KEDCO,01/06/2021,band_b,707229166.1
KEDCO,01/06/2021,band_c,592005825.2
KEDCO,01/06/2021,band_d,363924541.8
KEDCO,01/06/2021,band_e,122990918.8
KEDCO,01/07/2021,lifeline,5531747
KEDCO,01/07/2021,band_a,1888392893
KEDCO,01/07/2021,band_b,633720036.6
KEDCO,01/07/2021,band_c,620555693.6
KEDCO,01/07/2021,band_d,405557826.1
KEDCO,01/07/2021,band_e,161875468
KEDCO,01/08/2021,lifeline,4332060
KEDCO,01/08/2021,band_a,2051168455
KEDCO,01/08/2021,band_b,646389204.5
KEDCO,01/08/2021,band_c,525321551.9
KEDCO,01/08/2021,band_d,341376052.5
KEDCO,01/08/2021,band_e,135819821.7
KEDCO,01/09/2021,lifeline,5468240
KEDCO,01/09/2021,band_a,1981611047
KEDCO,01/09/2021,band_b,697791123.7
KEDCO,01/09/2021,band_c,599458876.8
KEDCO,01/09/2021,band_d,413800689.5
KEDCO,01/09/2021,band_e,154881146.7
KEDCO,01/10/2021,lifeline,5398590
KEDCO,01/10/2021,band_a,1960269563
KEDCO,01/10/2021,band_b,890541264.4
KEDCO,01/10/2021,band_c,784245800.7
KEDCO,01/10/2021,band_d,479365456.7
KEDCO,01/10/2021,band_e,180848616.6
KEDCO,01/11/2021,lifeline,5398590
KEDCO,01/11/2021,band_a,1960269563
KEDCO,01/11/2021,band_b,916369797.7
KEDCO,01/11/2021,band_c,941438922.8
KEDCO,01/11/2021,band_d,577413675.4
KEDCO,01/11/2021,band_e,186046719.8
KEDCO,01/12/2021,lifeline,5398590
KEDCO,01/12/2021,band_a,2008885330
KEDCO,01/12/2021,band_b,722777437.6
KEDCO,01/12/2021,band_c,932481853
KEDCO,01/12/2021,band_d,568592569.3
KEDCO,01/12/2021,band_e,185183253.5
KEDCO,01/01/2022,lifeline,9653657
KEDCO,01/01/2022,band_a,2214170992
KEDCO,01/01/2022,band_b,722478837.2
KEDCO,01/01/2022,band_c,442980061.5
KEDCO,01/01/2022,band_d,422258731.9
KEDCO,01/01/2022,band_e,206556196.2
KEDCO,01/02/2022,lifeline,9381637
KEDCO,01/02/2022,band_a,2212445705
KEDCO,01/02/2022,band_b,736924946.9
KEDCO,01/02/2022,band_c,462751544.4
KEDCO,01/02/2022,band_d,445537246.3
KEDCO,01/02/2022,band_e,177147720.6
KEDCO,01/03/2022,lifeline,8072900
KEDCO,01/03/2022,band_a,2095773627
KEDCO,01/03/2022,band_b,588432100.8
KEDCO,01/03/2022,band_c,474280600.8
KEDCO,01/03/2022,band_d,375317005.3
KEDCO,01/03/2022,band_e,154574308.6
KEDCO,01/04/2022,lifeline,9103267
KEDCO,01/04/2022,band_a,1621209196
KEDCO,01/04/2022,band_b,621956617.7
KEDCO,01/04/2022,band_c,636063696.1
KEDCO,01/04/2022,band_d,402612673.8
KEDCO,01/04/2022,band_e,156266966.5
KEDCO,01/05/2022,lifeline,7788913
KEDCO,01/05/2022,band_a,1600899760
KEDCO,01/05/2022,band_b,526554210
KEDCO,01/05/2022,band_c,563806753.7
KEDCO,01/05/2022,band_d,385225979.1
KEDCO,01/05/2022,band_e,126592234.8
KEDCO,01/06/2022,lifeline,7940177
KEDCO,01/06/2022,band_a,1880657573
KEDCO,01/06/2022,band_b,651518470.5
KEDCO,01/06/2022,band_c,453235858.9
KEDCO,01/06/2022,band_d,385201011.9
KEDCO,01/06/2022,band_e,144247977.5
KEDCO,01/07/2022,lifeline,9600719
KEDCO,01/07/2022,band_a,2197459398
KEDCO,01/07/2022,band_b,730416196.3
KEDCO,01/07/2022,band_c,516982402.9
KEDCO,01/07/2022,band_d,481651690.7
KEDCO,01/07/2022,band_e,177879134.4
KEDCO,01/08/2022,lifeline,9346359
KEDCO,01/08/2022,band_a,2096331574
KEDCO,01/08/2022,band_b,851492164.7
KEDCO,01/08/2022,band_c,640716647.9
KEDCO,01/08/2022,band_d,437983291.6
KEDCO,01/08/2022,band_e,296965948.9
KEDCO,01/09/2022,lifeline,11211481
KEDCO,01/09/2022,band_a,1812375316
KEDCO,01/09/2022,band_b,1019426116
KEDCO,01/09/2022,band_c,522429917.7
KEDCO,01/09/2022,band_d,447409173.2
KEDCO,01/09/2022,band_e,177855954.7
PHEDC,01/11/2020,lifeline,243770
PHEDC,01/11/2020,band_a,1338485051
PHEDC,01/11/2020,band_b,831388953.1
PHEDC,01/11/2020,band_c,429995394
PHEDC,01/11/2020,band_d,736355073
PHEDC,01/11/2020,band_e,161790973.1
PHEDC,01/12/2020,lifeline,359105
PHEDC,01/12/2020,band_a,1061046417
PHEDC,01/12/2020,band_b,818047986.5
PHEDC,01/12/2020,band_c,307558334.1
PHEDC,01/12/2020,band_d,708192499.9
PHEDC,01/12/2020,band_e,232994956
PHEDC,01/01/2021,lifeline,579465
PHEDC,01/01/2021,band_a,1306321040
PHEDC,01/01/2021,band_b,807329069.2
PHEDC,01/01/2021,band_c,479417221.2
PHEDC,01/01/2021,band_d,726638760.3
PHEDC,01/01/2021,band_e,104260067.1
PHEDC,01/02/2021,lifeline,559455
PHEDC,01/02/2021,band_a,1491056580
PHEDC,01/02/2021,band_b,1008187198
PHEDC,01/02/2021,band_c,489047153.3
PHEDC,01/02/2021,band_d,807294238.1
PHEDC,01/02/2021,band_e,120258879.7
PHEDC,01/03/2021,lifeline,527450
PHEDC,01/03/2021,band_a,1528605883
PHEDC,01/03/2021,band_b,944161125.1
PHEDC,01/03/2021,band_c,545819052.4
PHEDC,01/03/2021,band_d,805070809.6
PHEDC,01/03/2021,band_e,119076678
PHEDC,01/04/2021,lifeline,763850
PHEDC,01/04/2021,band_a,1507829296
PHEDC,01/04/2021,band_b,900293035.7
PHEDC,01/04/2021,band_c,498033850.2
PHEDC,01/04/2021,band_d,753553076.1
PHEDC,01/04/2021,band_e,132284793
PHEDC,01/05/2021,lifeline,689230
PHEDC,01/05/2021,band_a,1005013986
PHEDC,01/05/2021,band_b,872760272.2
PHEDC,01/05/2021,band_c,766668819.8
PHEDC,01/05/2021,band_d,1052068812
PHEDC,01/05/2021,band_e,202220815.4
PHEDC,01/06/2021,lifeline,1243784.78
PHEDC,01/06/2021,band_a,968928427.7
PHEDC,01/06/2021,band_b,1005684507
PHEDC,01/06/2021,band_c,547375668.8
PHEDC,01/06/2021,band_d,1174586856
PHEDC,01/06/2021,band_e,172123287
PHEDC,01/07/2021,lifeline,1306792
PHEDC,01/07/2021,band_a,1430542127
PHEDC,01/07/2021,band_b,1072586199
PHEDC,01/07/2021,band_c,480849760.6
PHEDC,01/07/2021,band_d,963296570.1
PHEDC,01/07/2021,band_e,276137017.1
PHEDC,01/08/2021,lifeline,966818.1
PHEDC,01/08/2021,band_a,1119804774
PHEDC,01/08/2021,band_b,1116589136
PHEDC,01/08/2021,band_c,385803139.5
PHEDC,01/08/2021,band_d,1028803578
PHEDC,01/08/2021,band_e,304778015.4
PHEDC,01/09/2021,lifeline,837860
PHEDC,01/09/2021,band_a,1365397725
PHEDC,01/09/2021,band_b,911489905.8
PHEDC,01/09/2021,band_c,465396538.4
PHEDC,01/09/2021,band_d,1171684051
PHEDC,01/09/2021,band_e,154429824.3
PHEDC,01/10/2021,lifeline,37986433.03
PHEDC,01/10/2021,band_a,1539173569
PHEDC,01/10/2021,band_b,922773419.3
PHEDC,01/10/2021,band_c,422359660.8
PHEDC,01/10/2021,band_d,1111308688
PHEDC,01/10/2021,band_e,139471978.9
PHEDC,01/11/2021,lifeline,625441
PHEDC,01/11/2021,band_a,1448802683
PHEDC,01/11/2021,band_b,983999945.1
PHEDC,01/11/2021,band_c,463979753.7
PHEDC,01/11/2021,band_d,1187652726
PHEDC,01/11/2021,band_e,186191525.4
PHEDC,01/12/2021,lifeline,0
PHEDC,01/12/2021,band_a,1512256904
PHEDC,01/12/2021,band_b,881548751.3
PHEDC,01/12/2021,band_c,668374388.2
PHEDC,01/12/2021,band_d,913856395.6
PHEDC,01/12/2021,band_e,164952304.9
PHEDC,01/01/2022,lifeline,0
PHEDC,01/01/2022,band_a,1764630793
PHEDC,01/01/2022,band_b,890297770.3
PHEDC,01/01/2022,band_c,758382587.7
PHEDC,01/01/2022,band_d,901423575.2
PHEDC,01/01/2022,band_e,159531207.3
PHEDC,01/02/2022,lifeline,0
PHEDC,01/02/2022,band_a,1869364807
PHEDC,01/02/2022,band_b,930790807.6
PHEDC,01/02/2022,band_c,805225373.3
PHEDC,01/02/2022,band_d,987995389
PHEDC,01/02/2022,band_e,167946843
PHEDC,01/03/2022,lifeline,8500
PHEDC,01/03/2022,band_a,1762519256
PHEDC,01/03/2022,band_b,856133527.5
PHEDC,01/03/2022,band_c,677249115.2
PHEDC,01/03/2022,band_d,873983956.3
PHEDC,01/03/2022,band_e,136861670.3
PHEDC,01/04/2022,lifeline,5400
PHEDC,01/04/2022,band_a,1528522405
PHEDC,01/04/2022,band_b,849252771
PHEDC,01/04/2022,band_c,686703957.1
PHEDC,01/04/2022,band_d,919961779.7
PHEDC,01/04/2022,band_e,136818785.4
PHEDC,01/05/2022,lifeline,2950
PHEDC,01/05/2022,band_a,1818160576
PHEDC,01/05/2022,band_b,787095421.8
PHEDC,01/05/2022,band_c,652288690.4
PHEDC,01/05/2022,band_d,869768798.3
PHEDC,01/05/2022,band_e,142756806.5
PHEDC,01/06/2022,lifeline,19300
PHEDC,01/06/2022,band_a,2100610244
PHEDC,01/06/2022,band_b,668478322
PHEDC,01/06/2022,band_c,742198904.9
PHEDC,01/06/2022,band_d,891205019.9
PHEDC,01/06/2022,band_e,159193501.2
PHEDC,01/07/2022,lifeline,35150
PHEDC,01/07/2022,band_a,2423858689
PHEDC,01/07/2022,band_b,656905830.4
PHEDC,01/07/2022,band_c,922953619.2
PHEDC,01/07/2022,band_d,990524942.6
PHEDC,01/07/2022,band_e,147635445.6
PHEDC,01/08/2022,lifeline,77050
PHEDC,01/08/2022,band_a,2220926859
PHEDC,01/08/2022,band_b,664485105
PHEDC,01/08/2022,band_c,1093633593
PHEDC,01/08/2022,band_d,846464920
PHEDC,01/08/2022,band_e,164589940
PHEDC,01/09/2022,lifeline,57400
PHEDC,01/09/2022,band_a,2263503403
PHEDC,01/09/2022,band_b,673145861
PHEDC,01/09/2022,band_c,987706414
PHEDC,01/09/2022,band_d,811781335
PHEDC,01/09/2022,band_e,159512183
YEDC,01/11/2020,lifeline,0
YEDC,01/11/2020,band_a,0
YEDC,01/11/2020,band_b,0
YEDC,01/11/2020,band_c,935583302
YEDC,01/11/2020,band_d,173352398
YEDC,01/11/2020,band_e,0
YEDC,01/12/2020,lifeline,0
YEDC,01/12/2020,band_a,0
YEDC,01/12/2020,band_b,0
YEDC,01/12/2020,band_c,883514122.2
YEDC,01/12/2020,band_d,155322952.1
YEDC,01/12/2020,band_e,0
YEDC,01/01/2021,lifeline,0
YEDC,01/01/2021,band_a,0
YEDC,01/01/2021,band_b,0
YEDC,01/01/2021,band_c,629668478.6
YEDC,01/01/2021,band_d,119889248
YEDC,01/01/2021,band_e,0
YEDC,01/02/2021,lifeline,0
YEDC,01/02/2021,band_a,0
YEDC,01/02/2021,band_b,0
YEDC,01/02/2021,band_c,721253740.3
YEDC,01/02/2021,band_d,190469419.9
YEDC,01/02/2021,band_e,0
YEDC,01/03/2021,lifeline,0
YEDC,01/03/2021,band_a,0
YEDC,01/03/2021,band_b,0
YEDC,01/03/2021,band_c,645126181.6
YEDC,01/03/2021,band_d,158095833.2
YEDC,01/03/2021,band_e,0
YEDC,01/04/2021,lifeline,0
YEDC,01/04/2021,band_a,377283458.6
YEDC,01/04/2021,band_b,68757694.89
YEDC,01/04/2021,band_c,215000923.5
YEDC,01/04/2021,band_d,31834666.7
YEDC,01/04/2021,band_e,0
YEDC,01/05/2021,lifeline,0
YEDC,01/05/2021,band_a,564787784.7
YEDC,01/05/2021,band_b,69469057.27
YEDC,01/05/2021,band_c,107541858.6
YEDC,01/05/2021,band_d,26980373.81
YEDC,01/05/2021,band_e,0
YEDC,01/06/2021,lifeline,0
YEDC,01/06/2021,band_a,581649265.1
YEDC,01/06/2021,band_b,81007543.06
YEDC,01/06/2021,band_c,96460354.03
YEDC,01/06/2021,band_d,36706094.37
YEDC,01/06/2021,band_e,0
YEDC,01/07/2021,lifeline,1591390
YEDC,01/07/2021,band_a,567700352.6
YEDC,01/07/2021,band_b,74656194.6
YEDC,01/07/2021,band_c,94233506.99
YEDC,01/07/2021,band_d,36848830.18
YEDC,01/07/2021,band_e,0
YEDC,01/08/2021,lifeline,2055580
YEDC,01/08/2021,band_a,484265606
YEDC,01/08/2021,band_b,53781028.76
YEDC,01/08/2021,band_c,85245248.89
YEDC,01/08/2021,band_d,30286420.21
YEDC,01/08/2021,band_e,0
YEDC,01/09/2021,lifeline,1872185
YEDC,01/09/2021,band_a,523475443.5
YEDC,01/09/2021,band_b,70210659.62
YEDC,01/09/2021,band_c,94591787.98
YEDC,01/09/2021,band_d,33085979.61
YEDC,01/09/2021,band_e,0
YEDC,01/10/2021,lifeline,1901770
YEDC,01/10/2021,band_a,669558854.5
YEDC,01/10/2021,band_b,108367283.8
YEDC,01/10/2021,band_c,126206456.6
YEDC,01/10/2021,band_d,47319233.5
YEDC,01/10/2021,band_e,0
YEDC,01/11/2021,lifeline,1902675
YEDC,01/11/2021,band_a,643349464.5
YEDC,01/11/2021,band_b,89579651.21
YEDC,01/11/2021,band_c,130966365.4
YEDC,01/11/2021,band_d,36934879.58
YEDC,01/11/2021,band_e,0
YEDC,01/12/2021,lifeline,2191735
YEDC,01/12/2021,band_a,489576816.8
YEDC,01/12/2021,band_b,56196001.1
YEDC,01/12/2021,band_c,119955348.4
YEDC,01/12/2021,band_d,46603506.57
YEDC,01/12/2021,band_e,0
YEDC,01/01/2022,lifeline,1840415
YEDC,01/01/2022,band_a,693354938.5
YEDC,01/01/2022,band_b,81618450.04
YEDC,01/01/2022,band_c,142560160.2
YEDC,01/01/2022,band_d,59951864.09
YEDC,01/01/2022,band_e,0
YEDC,01/02/2022,lifeline,1730750
YEDC,01/02/2022,band_a,831041780.7
YEDC,01/02/2022,band_b,114864952.9
YEDC,01/02/2022,band_c,185741102.3
YEDC,01/02/2022,band_d,71046151.33
YEDC,01/02/2022,band_e,0
YEDC,01/03/2022,lifeline,1661430
YEDC,01/03/2022,band_a,836876274.7
YEDC,01/03/2022,band_b,87059763.19
YEDC,01/03/2022,band_c,135117749.5
YEDC,01/03/2022,band_d,49536977.89
YEDC,01/03/2022,band_e,0
YEDC,01/04/2022,lifeline,1369985
YEDC,01/04/2022,band_a,742252205.8
YEDC,01/04/2022,band_b,91340659.96
YEDC,01/04/2022,band_c,139504386.1
YEDC,01/04/2022,band_d,44508786.81
YEDC,01/04/2022,band_e,0
YEDC,01/05/2022,lifeline,1192710
YEDC,01/05/2022,band_a,677121881.1
YEDC,01/05/2022,band_b,112998442.8
YEDC,01/05/2022,band_c,139748308.3
YEDC,01/05/2022,band_d,57564948.56
YEDC,01/05/2022,band_e,0
YEDC,01/06/2022,lifeline,416300
YEDC,01/06/2022,band_a,723225394.9
YEDC,01/06/2022,band_b,99499857.84
YEDC,01/06/2022,band_c,123919416.2
YEDC,01/06/2022,band_d,49702652.58
YEDC,01/06/2022,band_e,0
YEDC,01/07/2022,lifeline,343500
YEDC,01/07/2022,band_a,806285285.8
YEDC,01/07/2022,band_b,92501862.36
YEDC,01/07/2022,band_c,157442319.2
YEDC,01/07/2022,band_d,57614727.14
YEDC,01/07/2022,band_e,0
YEDC,01/08/2022,lifeline,1704620
YEDC,01/08/2022,band_a,849722360.1
YEDC,01/08/2022,band_b,107418935.5
YEDC,01/08/2022,band_c,142616565.5
YEDC,01/08/2022,band_d,39599973.31
YEDC,01/08/2022,band_e,0
YEDC,01/09/2022,lifeline,0
YEDC,01/09/2022,band_a,884538873.2
YEDC,01/09/2022,band_b,102298656.9
YEDC,01/09/2022,band_c,148697122.4
YEDC,01/09/2022,band_d,59917391.68
YEDC,01/09/2022,band_e,0
