disco,date,band,energy_kwh
AEDC,01/11/2020,lifeline,1477
AEDC,01/11/2020,band_a,117256978
AEDC,01/11/2020,band_b,28507453
AEDC,01/11/2020,band_c,16950850
AEDC,01/11/2020,band_d,45160575
AEDC,01/11/2020,band_e,11256207
AEDC,01/12/2020,lifeline,8764
AEDC,01/12/2020,band_a,120776360
AEDC,01/12/2020,band_b,22221500
AEDC,01/12/2020,band_c,15809578
AEDC,01/12/2020,band_d,44851845
AEDC,01/12/2020,band_e,10291202
AEDC,01/01/2021,lifeline,21968
AEDC,01/01/2021,band_a,117464413
AEDC,01/01/2021,band_b,25044317
AEDC,01/01/2021,band_c,17866533
AEDC,01/01/2021,band_d,53512330
AEDC,01/01/2021,band_e,12130981
AEDC,01/02/2021,lifeline,45777
AEDC,01/02/2021,band_a,126489248
AEDC,01/02/2021,band_b,29277329
AEDC,01/02/2021,band_c,17960255
AEDC,01/02/2021,band_d,45468484
AEDC,01/02/2021,band_e,9511333
AEDC,01/03/2021,lifeline,1473
AEDC,01/03/2021,band_a,131216617
AEDC,01/03/2021,band_b,25407367
AEDC,01/03/2021,band_c,17064867
AEDC,01/03/2021,band_d,49285800
AEDC,01/03/2021,band_e,10109476
AEDC,01/04/2021,lifeline,826
AEDC,01/04/2021,band_a,123869171
AEDC,01/04/2021,band_b,22929434
AEDC,01/04/2021,band_c,16961564
AEDC,01/04/2021,band_d,49225261
AEDC,01/04/2021,band_e,9352969
AEDC,01/05/2021,lifeline,850
AEDC,01/05/2021,band_a,112455713
AEDC,01/05/2021,band_b,20721622
AEDC,01/05/2021,band_c,14464156
AEDC,01/05/2021,band_d,46918413
AEDC,01/05/2021,band_e,8879826
AEDC,01/06/2021,lifeline,1326
AEDC,01/06/2021,band_a,110272037
AEDC,01/06/2021,band_b,20739134
AEDC,01/06/2021,band_c,15997487
AEDC,01/06/2021,band_d,44849310
AEDC,01/06/2021,band_e,8833722
AEDC,01/07/2021,lifeline,4025
AEDC,01/07/2021,band_a,120521457
AEDC,01/07/2021,band_b,24124547
AEDC,01/07/2021,band_c,19073807
AEDC,01/07/2021,band_d,49163440
AEDC,01/07/2021,band_e,10073571
AEDC,01/08/2021,lifeline,12257
AEDC,01/08/2021,band_a,117453564
AEDC,01/08/2021,band_b,21173454
AEDC,01/08/2021,band_c,16634111
AEDC,01/08/2021,band_d,46662185
AEDC,01/08/2021,band_e,9380746
AEDC,01/09/2021,lifeline,6435
AEDC,01/09/2021,band_a,124080539
AEDC,01/09/2021,band_b,21679618
AEDC,01/09/2021,band_c,16269174
AEDC,01/09/2021,band_d,46855736
AEDC,01/09/2021,band_e,8510503
AEDC,01/10/2021,lifeline,4361
AEDC,01/10/2021,band_a,129941059
AEDC,01/10/2021,band_b,23208976
AEDC,01/10/2021,band_c,16626468
AEDC,01/10/2021,band_d,46623773
AEDC,01/10/2021,band_e,8891346
AEDC,01/11/2021,lifeline,6526
AEDC,01/11/2021,band_a,137050845
AEDC,01/11/2021,band_b,23587459
AEDC,01/11/2021,band_c,17333528
AEDC,01/11/2021,band_d,48149998
AEDC,01/11/2021,band_e,9148073
AEDC,01/12/2021,lifeline,10394
AEDC,01/12/2021,band_a,128071083
AEDC,01/12/2021,band_b,22123255
AEDC,01/12/2021,band_c,16770464
AEDC,01/12/2021,band_d,46999870
AEDC,01/12/2021,band_e,9070691
AEDC,01/01/2022,lifeline,17689
AEDC,01/01/2022,band_a,120951535
AEDC,01/01/2022,band_b,21014666
AEDC,01/01/2022,band_c,16349262
AEDC,01/01/2022,band_d,46276124
AEDC,01/01/2022,band_e,8113325
AEDC,01/02/2022,lifeline,9024
AEDC,01/02/2022,band_a,121731599
AEDC,01/02/2022,band_b,21316928
AEDC,01/02/2022,band_c,14971267
AEDC,01/02/2022,band_d,47225734
AEDC,01/02/2022,band_e,7857476
AEDC,01/03/2022,lifeline,7019
AEDC,01/03/2022,band_a,123528143
AEDC,01/03/2022,band_b,23753265
AEDC,01/03/2022,band_c,14952634
AEDC,01/03/2022,band_d,47306558
AEDC,01/03/2022,band_e,7388297
AEDC,01/04/2022,lifeline,11800
AEDC,01/04/2022,band_a,118122959
AEDC,01/04/2022,band_b,21545864
AEDC,01/04/2022,band_c,13757363
AEDC,01/04/2022,band_d,47247800
AEDC,01/04/2022,band_e,7453769
AEDC,01/05/2022,lifeline,4874
AEDC,01/05/2022,band_a,110601474
AEDC,01/05/2022,band_b,19009777
AEDC,01/05/2022,band_c,12481320
AEDC,01/05/2022,band_d,41582671
AEDC,01/05/2022,band_e,7059485
AEDC,01/06/2022,lifeline,4166
AEDC,01/06/2022,band_a,108253701
AEDC,01/06/2022,band_b,20972290
AEDC,01/06/2022,band_c,13619168
AEDC,01/06/2022,band_d,43733829
AEDC,01/06/2022,band_e,8266442
AEDC,01/07/2022,lifeline,5928
AEDC,01/07/2022,band_a,119865837
AEDC,01/07/2022,band_b,24473695
AEDC,01/07/2022,band_c,15487974
AEDC,01/07/2022,band_d,47234817
AEDC,01/07/2022,band_e,10365958
AEDC,01/08/2022,lifeline,6927
AEDC,01/08/2022,band_a,120537746
AEDC,01/08/2022,band_b,26183870
AEDC,01/08/2022,band_c,16386935
AEDC,01/08/2022,band_d,60450041
AEDC,01/08/2022,band_e,10085410
AEDC,01/09/2022,lifeline,2197
AEDC,01/09/2022,band_a,127784620
AEDC,01/09/2022,band_b,26340892
AEDC,01/09/2022,band_c,15674453
AEDC,01/09/2022,band_d,58532577
AEDC,01/09/2022,band_e,10510774
BEDC,01/11/2020,lifeline,0
BEDC,01/11/2020,band_a,42932333.72
BEDC,01/11/2020,band_b,26521543.6
BEDC,01/11/2020,band_c,35303573.8
BEDC,01/11/2020,band_d,38508980.6
BEDC,01/11/2020,band_e,51820391.58
BEDC,01/12/2020,lifeline,0
BEDC,01/12/2020,band_a,43363825.96
BEDC,01/12/2020,band_b,23705185.8
BEDC,01/12/2020,band_c,41601100.9
BEDC,01/12/2020,band_d,38365007.6
BEDC,01/12/2020,band_e,53469355.6
BEDC,01/01/2021,lifeline,0
BEDC,01/01/2021,band_a,44848803.15
BEDC,01/01/2021,band_b,24024928
BEDC,01/01/2021,band_c,43878138.14
BEDC,01/01/2021,band_d,39961069.6
BEDC,01/01/2021,band_e,51136024.04
BEDC,01/02/2021,lifeline,0
BEDC,01/02/2021,band_a,43324064.91
BEDC,01/02/2021,band_b,20486222.6
BEDC,01/02/2021,band_c,38589297
BEDC,01/02/2021,band_d,32598726.3
BEDC,01/02/2021,band_e,44631792
BEDC,01/03/2021,lifeline,0
BEDC,01/03/2021,band_a,40130295.17
BEDC,01/03/2021,band_b,26248580.7
BEDC,01/03/2021,band_c,38527706
BEDC,01/03/2021,band_d,36519625.9
BEDC,01/03/2021,band_e,60578033.1
BEDC,01/04/2021,lifeline,0
BEDC,01/04/2021,band_a,36140711.41
BEDC,01/04/2021,band_b,26163106.2
BEDC,01/04/2021,band_c,37393440.6
BEDC,01/04/2021,band_d,27244771.1
BEDC,01/04/2021,band_e,54044561.6
BEDC,01/05/2021,lifeline,0
BEDC,01/05/2021,band_a,33599954.13
BEDC,01/05/2021,band_b,29760484.9
BEDC,01/05/2021,band_c,39690433
BEDC,01/05/2021,band_d,28346038.7
BEDC,01/05/2021,band_e,56413206
BEDC,01/06/2021,lifeline,0
BEDC,01/06/2021,band_a,34176573.99
BEDC,01/06/2021,band_b,23693131.9
BEDC,01/06/2021,band_c,32151005.08
BEDC,01/06/2021,band_d,25387436.3
BEDC,01/06/2021,band_e,56983032.5
BEDC,01/07/2021,lifeline,0
BEDC,01/07/2021,band_a,36219674.19
BEDC,01/07/2021,band_b,24472881.2
BEDC,01/07/2021,band_c,36890034.16
BEDC,01/07/2021,band_d,29431963.7
BEDC,01/07/2021,band_e,60837147.1
BEDC,01/08/2021,lifeline,0
BEDC,01/08/2021,band_a,40235978.31
BEDC,01/08/2021,band_b,24941605.8
BEDC,01/08/2021,band_c,34177384.9
BEDC,01/08/2021,band_d,27115903
BEDC,01/08/2021,band_e,51831039.5
BEDC,01/09/2021,lifeline,76825
BEDC,01/09/2021,band_a,36631960.81
BEDC,01/09/2021,band_b,28640033
BEDC,01/09/2021,band_c,39759007.42
BEDC,01/09/2021,band_d,39248657.8
BEDC,01/09/2021,band_e,46385139.1
BEDC,01/10/2021,lifeline,55533
BEDC,01/10/2021,band_a,35326916.25
BEDC,01/10/2021,band_b,26811915.4
BEDC,01/10/2021,band_c,38390622.8
BEDC,01/10/2021,band_d,36355357.8
BEDC,01/10/2021,band_e,45795501.8
BEDC,01/11/2021,lifeline,80855
BEDC,01/11/2021,band_a,31034820.42
BEDC,01/11/2021,band_b,29142889.6
BEDC,01/11/2021,band_c,46689662.1
BEDC,01/11/2021,band_d,42847532.6
BEDC,01/11/2021,band_e,56817143.4
BEDC,01/12/2021,lifeline,81772
BEDC,01/12/2021,band_a,33855392.3
BEDC,01/12/2021,band_b,31166987.9
BEDC,01/12/2021,band_c,44309650.8
BEDC,01/12/2021,band_d,41789582
BEDC,01/12/2021,band_e,57194349.2
BEDC,01/01/2022,lifeline,77559
BEDC,01/01/2022,band_a,35011783.47
BEDC,01/01/2022,band_b,27805662.7
BEDC,01/01/2022,band_c,39332474.89
BEDC,01/01/2022,band_d,36660398.4
BEDC,01/01/2022,band_e,49105579.6
BEDC,01/02/2022,lifeline,76333
BEDC,01/02/2022,band_a,48679575.84
BEDC,01/02/2022,band_b,26357067.4
BEDC,01/02/2022,band_c,38250365.7
BEDC,01/02/2022,band_d,37149188.1
BEDC,01/02/2022,band_e,50488855
BEDC,01/03/2022,lifeline,55620
BEDC,01/03/2022,band_a,38201837.53
BEDC,01/03/2022,band_b,21935999.7
BEDC,01/03/2022,band_c,34948493.87
BEDC,01/03/2022,band_d,31346893.1
BEDC,01/03/2022,band_e,42326431.2
BEDC,01/04/2022,lifeline,53373
BEDC,01/04/2022,band_a,37914927.61
BEDC,01/04/2022,band_b,23043128.9
BEDC,01/04/2022,band_c,36576741
BEDC,01/04/2022,band_d,34631429.7
BEDC,01/04/2022,band_e,44119372.7
BEDC,01/05/2022,lifeline,88990
BEDC,01/05/2022,band_a,32336864.56
BEDC,01/05/2022,band_b,22336749.5
BEDC,01/05/2022,band_c,33377174.51
BEDC,01/05/2022,band_d,32329842
BEDC,01/05/2022,band_e,42188311.1
BEDC,01/06/2022,lifeline,112941
BEDC,01/06/2022,band_a,35567355.68
BEDC,01/06/2022,band_b,23894098.7
BEDC,01/06/2022,band_c,37200117.39
BEDC,01/06/2022,band_d,35635101.8
BEDC,01/06/2022,band_e,51229871.1
BEDC,01/07/2022,lifeline,93335
BEDC,01/07/2022,band_a,37855594.98
BEDC,01/07/2022,band_b,23763549.7
BEDC,01/07/2022,band_c,37603260.51
BEDC,01/07/2022,band_d,38029678.8
BEDC,01/07/2022,band_e,50594876
BEDC,01/08/2022,lifeline,92140
BEDC,01/08/2022,band_a,49792995.23
BEDC,01/08/2022,band_b,23495958.8
BEDC,01/08/2022,band_c,34626992.69
BEDC,01/08/2022,band_d,38562643.7
BEDC,01/08/2022,band_e,50569860.7
BEDC,01/09/2022,lifeline,88493
BEDC,01/09/2022,band_a,54303387.58
BEDC,01/09/2022,band_b,24228772.2
BEDC,01/09/2022,band_c,37945948.23
BEDC,01/09/2022,band_d,37392506.8
BEDC,01/09/2022,band_e,50664167.9
EKEDC,01/11/2020,lifeline,0
EKEDC,01/11/2020,band_a,53542075.28
EKEDC,01/11/2020,band_b,75933260.33
EKEDC,01/11/2020,band_c,45114209.64
EKEDC,01/11/2020,band_d,74429778.07
EKEDC,01/11/2020,band_e,21872360.41
EKEDC,01/12/2020,lifeline,0
EKEDC,01/12/2020,band_a,62957439.99
EKEDC,01/12/2020,band_b,84222049.6
EKEDC,01/12/2020,band_c,50206285.62
EKEDC,01/12/2020,band_d,80531340.57
EKEDC,01/12/2020,band_e,22135656.39
EKEDC,01/01/2021,lifeline,0
EKEDC,01/01/2021,band_a,60433198.37
EKEDC,01/01/2021,band_b,81998473.88
EKEDC,01/01/2021,band_c,49865668.1
EKEDC,01/01/2021,band_d,84227616.65
EKEDC,01/01/2021,band_e,21355329.79
EKEDC,01/02/2021,lifeline,0
EKEDC,01/02/2021,band_a,52246289.06
EKEDC,01/02/2021,band_b,76766134.4
EKEDC,01/02/2021,band_c,46644844.17
EKEDC,01/02/2021,band_d,74812504.85
EKEDC,01/02/2021,band_e,21120364.73
EKEDC,01/03/2021,lifeline,0
EKEDC,01/03/2021,band_a,51368441.89
EKEDC,01/03/2021,band_b,73525691.01
EKEDC,01/03/2021,band_c,47793968.82
EKEDC,01/03/2021,band_d,70186065.1
EKEDC,01/03/2021,band_e,18995061.51
EKEDC,01/04/2021,lifeline,0
EKEDC,01/04/2021,band_a,53035749.68
EKEDC,01/04/2021,band_b,73549693.08
EKEDC,01/04/2021,band_c,44156909.81
EKEDC,01/04/2021,band_d,62598587.7
EKEDC,01/04/2021,band_e,19520820.95
EKEDC,01/05/2021,lifeline,0
EKEDC,01/05/2021,band_a,50175600.09
EKEDC,01/05/2021,band_b,67124102.42
EKEDC,01/05/2021,band_c,44786458.17
EKEDC,01/05/2021,band_d,66970168.92
EKEDC,01/05/2021,band_e,20379825.8
EKEDC,01/06/2021,lifeline,0
EKEDC,01/06/2021,band_a,46013719.09
EKEDC,01/06/2021,band_b,59248731.72
EKEDC,01/06/2021,band_c,42083572.06
EKEDC,01/06/2021,band_d,64162026.21
EKEDC,01/06/2021,band_e,18039448.48
EKEDC,01/07/2021,lifeline,0
EKEDC,01/07/2021,band_a,47316138.43
EKEDC,01/07/2021,band_b,60535844
EKEDC,01/07/2021,band_c,45627675.09
EKEDC,01/07/2021,band_d,74360013.01
EKEDC,01/07/2021,band_e,21621781.01
EKEDC,01/08/2021,lifeline,0
EKEDC,01/08/2021,band_a,49816507.37
EKEDC,01/08/2021,band_b,67629159.92
EKEDC,01/08/2021,band_c,43631589.63
EKEDC,01/08/2021,band_d,78275183.61
EKEDC,01/08/2021,band_e,23414485.77
EKEDC,01/09/2021,lifeline,0
EKEDC,01/09/2021,band_a,46755494.17
EKEDC,01/09/2021,band_b,65129037.99
EKEDC,01/09/2021,band_c,38855935.06
EKEDC,01/09/2021,band_d,70123931.74
EKEDC,01/09/2021,band_e,21824484.79
EKEDC,01/10/2021,lifeline,0
EKEDC,01/10/2021,band_a,53520824.4
EKEDC,01/10/2021,band_b,73013164.89
EKEDC,01/10/2021,band_c,45540716.57
EKEDC,01/10/2021,band_d,77548403.53
EKEDC,01/10/2021,band_e,22342268.67
EKEDC,01/11/2021,lifeline,0
EKEDC,01/11/2021,band_a,54609155.72
EKEDC,01/11/2021,band_b,74130052.1
EKEDC,01/11/2021,band_c,44441179.36
EKEDC,01/11/2021,band_d,74313148.42
EKEDC,01/11/2021,band_e,21741812.93
EKEDC,01/12/2021,lifeline,0
EKEDC,01/12/2021,band_a,62183280.77
EKEDC,01/12/2021,band_b,79446033.64
EKEDC,01/12/2021,band_c,47504287.66
EKEDC,01/12/2021,band_d,72437045.33
EKEDC,01/12/2021,band_e,20878094.49
EKEDC,01/01/2022,lifeline,0
EKEDC,01/01/2022,band_a,56346740.17
EKEDC,01/01/2022,band_b,68848321.44
EKEDC,01/01/2022,band_c,39851374.61
EKEDC,01/01/2022,band_d,67000264.76
EKEDC,01/01/2022,band_e,19340733.3
EKEDC,01/02/2022,lifeline,0
EKEDC,01/02/2022,band_a,73770499.17
EKEDC,01/02/2022,band_b,55537925.76
EKEDC,01/02/2022,band_c,39393319.83
EKEDC,01/02/2022,band_d,43653291.87
EKEDC,01/02/2022,band_e,8272978.35
EKEDC,01/03/2022,lifeline,0
EKEDC,01/03/2022,band_a,66403933.63
EKEDC,01/03/2022,band_b,47422455.14
EKEDC,01/03/2022,band_c,34881830.29
EKEDC,01/03/2022,band_d,37690208.77
EKEDC,01/03/2022,band_e,7357329.9
EKEDC,01/04/2022,lifeline,0
EKEDC,01/04/2022,band_a,66384173.34
EKEDC,01/04/2022,band_b,55088513.23
EKEDC,01/04/2022,band_c,38380243.99
EKEDC,01/04/2022,band_d,43199107.13
EKEDC,01/04/2022,band_e,7637390.714
EKEDC,01/05/2022,lifeline,0
EKEDC,01/05/2022,band_a,74686456.56
EKEDC,01/05/2022,band_b,57841339.18
EKEDC,01/05/2022,band_c,35825448.02
EKEDC,01/05/2022,band_d,45763193.68
EKEDC,01/05/2022,band_e,7779882.643
EKEDC,01/06/2022,lifeline,0
EKEDC,01/06/2022,band_a,64886059.28
EKEDC,01/06/2022,band_b,47546916.38
EKEDC,01/06/2022,band_c,30007437.26
EKEDC,01/06/2022,band_d,34909177.58
EKEDC,01/06/2022,band_e,5722331.76
EKEDC,01/07/2022,lifeline,0
EKEDC,01/07/2022,band_a,69694543.12
EKEDC,01/07/2022,band_b,59973106.77
EKEDC,01/07/2022,band_c,34261338
EKEDC,01/07/2022,band_d,40355053.12
EKEDC,01/07/2022,band_e,6278549.739
EKEDC,01/08/2022,lifeline,0
EKEDC,01/08/2022,band_a,75954092.16
EKEDC,01/08/2022,band_b,70002211.93
EKEDC,01/08/2022,band_c,41702043.71
EKEDC,01/08/2022,band_d,48526610.22
EKEDC,01/08/2022,band_e,8443039.8
EKEDC,01/09/2022,lifeline,0
EKEDC,01/09/2022,band_a,76017889.78
EKEDC,01/09/2022,band_b,68972827.85
EKEDC,01/09/2022,band_c,40792581.57
EKEDC,01/09/2022,band_d,48432255.24
EKEDC,01/09/2022,band_e,2990470.965
EEDC,01/11/2020,lifeline,38099.982
EEDC,01/11/2020,band_a,35320309.33
EEDC,01/11/2020,band_b,28824489.88
EEDC,01/11/2020,band_c,75839716.94
EEDC,01/11/2020,band_d,22896142.56
EEDC,01/11/2020,band_e,7575574.218
EEDC,01/12/2020,lifeline,22093.845
EEDC,01/12/2020,band_a,38957724.5
EEDC,01/12/2020,band_b,38271571.36
EEDC,01/12/2020,band_c,77797000.36
EEDC,01/12/2020,band_d,28605621.51
EEDC,01/12/2020,band_e,9437312.081
EEDC,01/01/2021,lifeline,18261.58
EEDC,01/01/2021,band_a,38972514.19
EEDC,01/01/2021,band_b,40522309.42
EEDC,01/01/2021,band_c,82608177.5
EEDC,01/01/2021,band_d,29941326.63
EEDC,01/01/2021,band_e,7904171.135
EEDC,01/02/2021,lifeline,160427.2437
EEDC,01/02/2021,band_a,37252314.06
EEDC,01/02/2021,band_b,35434808
EEDC,01/02/2021,band_c,72138351.37
EEDC,01/02/2021,band_d,29947537.94
EEDC,01/02/2021,band_e,8733617.262
EEDC,01/03/2021,lifeline,98950.78267
EEDC,01/03/2021,band_a,35813039.28
EEDC,01/03/2021,band_b,34523580.45
EEDC,01/03/2021,band_c,72279943.8
EEDC,01/03/2021,band_d,29902903.9
EEDC,01/03/2021,band_e,7206374.046
EEDC,01/04/2021,lifeline,62634.85778
EEDC,01/04/2021,band_a,34758516.66
EEDC,01/04/2021,band_b,31721760.17
EEDC,01/04/2021,band_c,67249092.5
EEDC,01/04/2021,band_d,26258436.49
EEDC,01/04/2021,band_e,6171854.063
EEDC,01/05/2021,lifeline,59120.16033
EEDC,01/05/2021,band_a,33177982.06
EEDC,01/05/2021,band_b,29437654.52
EEDC,01/05/2021,band_c,68678927.24
EEDC,01/05/2021,band_d,25982903.95
EEDC,01/05/2021,band_e,5927243.322
EEDC,01/06/2021,lifeline,49596.38232
EEDC,01/06/2021,band_a,30796973.49
EEDC,01/06/2021,band_b,24894208.74
EEDC,01/06/2021,band_c,59539216.15
EEDC,01/06/2021,band_d,28356794.14
EEDC,01/06/2021,band_e,8727995.46
EEDC,01/07/2021,lifeline,48899
EEDC,01/07/2021,band_a,31660579.72
EEDC,01/07/2021,band_b,27277330.44
EEDC,01/07/2021,band_c,65650919.01
EEDC,01/07/2021,band_d,32015415.38
EEDC,01/07/2021,band_e,11516731.82
EEDC,01/08/2021,lifeline,37858.36787
EEDC,01/08/2021,band_a,29470492.84
EEDC,01/08/2021,band_b,27723933.8
EEDC,01/08/2021,band_c,62433233.79
EEDC,01/08/2021,band_d,32167170.35
EEDC,01/08/2021,band_e,10364957.92
EEDC,01/09/2021,lifeline,35603.61575
EEDC,01/09/2021,band_a,28165584.23
EEDC,01/09/2021,band_b,27355645.76
EEDC,01/09/2021,band_c,59803775.65
EEDC,01/09/2021,band_d,31870553.74
EEDC,01/09/2021,band_e,9868314.89
EEDC,01/10/2021,lifeline,33360.29522
EEDC,01/10/2021,band_a,27220891.31
EEDC,01/10/2021,band_b,29783340.17
EEDC,01/10/2021,band_c,61960417.32
EEDC,01/10/2021,band_d,31480243.53
EEDC,01/10/2021,band_e,9329066.971
EEDC,01/11/2021,lifeline,29273.481
EEDC,01/11/2021,band_a,30051363.22
EEDC,01/11/2021,band_b,30412981.79
EEDC,01/11/2021,band_c,63118665.46
EEDC,01/11/2021,band_d,29950070.5
EEDC,01/11/2021,band_e,9333627.38
EEDC,01/12/2021,lifeline,30588.73733
EEDC,01/12/2021,band_a,29566157.57
EEDC,01/12/2021,band_b,31123393.36
EEDC,01/12/2021,band_c,71109363.72
EEDC,01/12/2021,band_d,35316232.09
EEDC,01/12/2021,band_e,13504999.56
EEDC,01/01/2022,lifeline,35149.00596
EEDC,01/01/2022,band_a,28356786.68
EEDC,01/01/2022,band_b,30627201.99
EEDC,01/01/2022,band_c,70059189.64
EEDC,01/01/2022,band_d,36719393.54
EEDC,01/01/2022,band_e,14401861.7
EEDC,01/02/2022,lifeline,24655.29448
EEDC,01/02/2022,band_a,32719919.03
EEDC,01/02/2022,band_b,29419830.38
EEDC,01/02/2022,band_c,62041059.71
EEDC,01/02/2022,band_d,31812134.96
EEDC,01/02/2022,band_e,12612363.07
EEDC,01/03/2022,lifeline,32045.59766
EEDC,01/03/2022,band_a,33661598.49
EEDC,01/03/2022,band_b,29314905.05
EEDC,01/03/2022,band_c,61268169.91
EEDC,01/03/2022,band_d,31462120.73
EEDC,01/03/2022,band_e,11047233.48
EEDC,01/04/2022,band_a,31986360.23
EEDC,01/04/2022,band_b,27961502.66
EEDC,01/04/2022,band_c,56261349.08
EEDC,01/04/2022,band_d,27083327.74
EEDC,01/04/2022,band_e,8821489.887
EEDC,01/05/2022,lifeline,6067.383486
EEDC,01/05/2022,band_a,30270442.89
EEDC,01/05/2022,band_b,26111143.82
EEDC,01/05/2022,band_c,52519616.5
EEDC,01/05/2022,band_d,27406065.75
EEDC,01/05/2022,band_e,9032010.574
EEDC,01/06/2022,lifeline,10662
EEDC,01/06/2022,band_a,31543896
EEDC,01/06/2022,band_b,26801127
EEDC,01/06/2022,band_c,52044378
EEDC,01/06/2022,band_d,23630872
EEDC,01/06/2022,band_e,9490625
EEDC,01/07/2022,lifeline,8946
EEDC,01/07/2022,band_a,33008749
EEDC,01/07/2022,band_b,29204572
EEDC,01/07/2022,band_c,60653974
EEDC,01/07/2022,band_d,27998459
EEDC,01/07/2022,band_e,11201527
EEDC,01/08/2022,lifeline,19944
EEDC,01/08/2022,band_a,31461156
EEDC,01/08/2022,band_b,29157676
EEDC,01/08/2022,band_c,48403335
EEDC,01/08/2022,band_d,26349580
EEDC,01/08/2022,band_e,9438917
EEDC,01/09/2022,lifeline,5519.632
EEDC,01/09/2022,band_a,49667125.14
EEDC,01/09/2022,band_b,33562845.56
EEDC,01/09/2022,band_c,33864813.73
EEDC,01/09/2022,band_d,14890815.48
EEDC,01/09/2022,band_e,5593997.463
IBEDC,01/11/2020,lifeline,2422650.699
IBEDC,01/11/2020,band_a,67000187.98
IBEDC,01/11/2020,band_b,39673831.95
IBEDC,01/11/2020,band_c,45969940.06
IBEDC,01/11/2020,band_d,70717821.58
IBEDC,01/11/2020,band_e,55264527.32
IBEDC,01/12/2020,lifeline,10151742.2
IBEDC,01/12/2020,band_a,64181256.54
IBEDC,01/12/2020,band_b,45186703.65
IBEDC,01/12/2020,band_c,45527189.33
IBEDC,01/12/2020,band_d,73359793.17
IBEDC,01/12/2020,band_e,62238517.1
IBEDC,01/01/2021,lifeline,2602642.523
IBEDC,01/01/2021,band_a,68568364.63
IBEDC,01/01/2021,band_b,44808124.53
IBEDC,01/01/2021,band_c,47852200.98
IBEDC,01/01/2021,band_d,77248973.85
IBEDC,01/01/2021,band_e,64238308.48
IBEDC,01/02/2021,lifeline,2351100.317
IBEDC,01/02/2021,band_a,67870888.01
IBEDC,01/02/2021,band_b,37071176.32
IBEDC,01/02/2021,band_c,40119902.33
IBEDC,01/02/2021,band_d,69493387.06
IBEDC,01/02/2021,band_e,51367308.01
IBEDC,01/03/2021,lifeline,1020417.094
IBEDC,01/03/2021,band_a,71768395.01
IBEDC,01/03/2021,band_b,37834242.92
IBEDC,01/03/2021,band_c,40761689.46
IBEDC,01/03/2021,band_d,68421552.63
IBEDC,01/03/2021,band_e,50440585.94
IBEDC,01/04/2021,lifeline,1299577.985
IBEDC,01/04/2021,band_a,67906684.84
IBEDC,01/04/2021,band_b,35919044.46
IBEDC,01/04/2021,band_c,38088550.62
IBEDC,01/04/2021,band_d,61404108.73
IBEDC,01/04/2021,band_e,47395813.13
IBEDC,01/05/2021,lifeline,652531.2817
IBEDC,01/05/2021,band_a,60508165.25
IBEDC,01/05/2021,band_b,21834350.97
IBEDC,01/05/2021,band_c,50788449.85
IBEDC,01/05/2021,band_d,39827097.09
IBEDC,01/05/2021,band_e,33946983.02
IBEDC,01/06/2021,lifeline,862669.3944
IBEDC,01/06/2021,band_a,58480071.55
IBEDC,01/06/2021,band_b,24968975.21
IBEDC,01/06/2021,band_c,28203803.79
IBEDC,01/06/2021,band_d,39123612.33
IBEDC,01/06/2021,band_e,28683729.72
IBEDC,01/07/2021,lifeline,895535.5068
IBEDC,01/07/2021,band_a,64277457.89
IBEDC,01/07/2021,band_b,30050285.88
IBEDC,01/07/2021,band_c,34180757.8
IBEDC,01/07/2021,band_d,49199602.4
IBEDC,01/07/2021,band_e,40359767.93
IBEDC,01/08/2021,lifeline,1003106.281
IBEDC,01/08/2021,band_a,65867957.4
IBEDC,01/08/2021,band_b,31749952.54
IBEDC,01/08/2021,band_c,32806161.32
IBEDC,01/08/2021,band_d,50142108.31
IBEDC,01/08/2021,band_e,43177209.52
IBEDC,01/09/2021,lifeline,918224.3105
IBEDC,01/09/2021,band_a,67280686.47
IBEDC,01/09/2021,band_b,33447394.84
IBEDC,01/09/2021,band_c,35391324.35
IBEDC,01/09/2021,band_d,50824395.83
IBEDC,01/09/2021,band_e,44959928.66
IBEDC,01/10/2021,lifeline,834575.0554
IBEDC,01/10/2021,band_a,63696639.47
IBEDC,01/10/2021,band_b,35002521.42
IBEDC,01/10/2021,band_c,37634266.54
IBEDC,01/10/2021,band_d,54905397.52
IBEDC,01/10/2021,band_e,48761071.45
IBEDC,01/11/2021,lifeline,880056.734
IBEDC,01/11/2021,band_a,72785199
IBEDC,01/11/2021,band_b,37721230.55
IBEDC,01/11/2021,band_c,40184960.47
IBEDC,01/11/2021,band_d,57206455.17
IBEDC,01/11/2021,band_e,46649745.47
IBEDC,01/12/2021,lifeline,1183473.869
IBEDC,01/12/2021,band_a,73092311.37
IBEDC,01/12/2021,band_b,42180493.37
IBEDC,01/12/2021,band_c,41212893.28
IBEDC,01/12/2021,band_d,58783360.45
IBEDC,01/12/2021,band_e,47100759.28
IBEDC,01/01/2022,lifeline,1062497.815
IBEDC,01/01/2022,band_a,70918500.12
IBEDC,01/01/2022,band_b,39458992.26
IBEDC,01/01/2022,band_c,41066514.05
IBEDC,01/01/2022,band_d,55738327.73
IBEDC,01/01/2022,band_e,44332824.74
IBEDC,01/02/2022,lifeline,962352.3825
IBEDC,01/02/2022,band_a,65704870.56
IBEDC,01/02/2022,band_b,33400654.77
IBEDC,01/02/2022,band_c,32414608.69
IBEDC,01/02/2022,band_d,44058430.96
IBEDC,01/02/2022,band_e,31515672.39
IBEDC,01/03/2022,lifeline,908321.9677
IBEDC,01/03/2022,band_a,65791626.15
IBEDC,01/03/2022,band_b,31248450.06
IBEDC,01/03/2022,band_c,32189935.44
IBEDC,01/03/2022,band_d,43282159.64
IBEDC,01/03/2022,band_e,27454470.75
IBEDC,01/04/2022,lifeline,1033983.383
IBEDC,01/04/2022,band_a,65538216.99
IBEDC,01/04/2022,band_b,32964552.93
IBEDC,01/04/2022,band_c,34311957.63
IBEDC,01/04/2022,band_d,46742631.17
IBEDC,01/04/2022,band_e,30899171.54
IBEDC,01/05/2022,lifeline,689023.1194
IBEDC,01/05/2022,band_a,71267653.24
IBEDC,01/05/2022,band_b,33645599.32
IBEDC,01/05/2022,band_c,32440795.79
IBEDC,01/05/2022,band_d,42159133.98
IBEDC,01/05/2022,band_e,28837487.39
IBEDC,01/06/2022,lifeline,878544.1312
IBEDC,01/06/2022,band_a,60876479.07
IBEDC,01/06/2022,band_b,25335544.23
IBEDC,01/06/2022,band_c,25727763.44
IBEDC,01/06/2022,band_d,37331931.6
IBEDC,01/06/2022,band_e,22486420.57
IBEDC,01/07/2022,lifeline,905391.3698
IBEDC,01/07/2022,band_a,67051060.44
IBEDC,01/07/2022,band_b,30263666.52
IBEDC,01/07/2022,band_c,31594691.71
IBEDC,01/07/2022,band_d,49067573.19
IBEDC,01/07/2022,band_e,30866953.96
IBEDC,01/08/2022,lifeline,1124054.949
IBEDC,01/08/2022,band_a,66211116.44
IBEDC,01/08/2022,band_b,30198205.55
IBEDC,01/08/2022,band_c,31685576.47
IBEDC,01/08/2022,band_d,53054006.24
IBEDC,01/08/2022,band_e,31159296.43
IBEDC,01/09/2022,lifeline,988207.9713
IBEDC,01/09/2022,band_a,64459321.53
IBEDC,01/09/2022,band_b,29876606.59
IBEDC,01/09/2022,band_c,31667171.1
IBEDC,01/09/2022,band_d,50571031.27
IBEDC,01/09/2022,band_e,30716346.9
IE,01/11/2020,lifeline,0
IE,01/11/2020,band_a,90800029.4
IE,01/11/2020,band_b,49488199.1
IE,01/11/2020,band_c,128036301
IE,01/11/2020,band_d,87663270
IE,01/11/2020,band_e,1115028.3
IE,01/12/2020,lifeline,0
IE,01/12/2020,band_a,92772085.8
IE,01/12/2020,band_b,56442098.1
IE,01/12/2020,band_c,127615533.5
IE,01/12/2020,band_d,83635013.4
IE,01/12/2020,band_e,1502926.1
IE,01/01/2021,lifeline,0
IE,01/01/2021,band_a,95925604.1
IE,01/01/2021,band_b,54494410
IE,01/01/2021,band_c,122400528.7
IE,01/01/2021,band_d,82259502
IE,01/01/2021,band_e,1728207
IE,01/02/2021,lifeline,0
IE,01/02/2021,band_a,91753065.4
IE,01/02/2021,band_b,51294651.7
IE,01/02/2021,band_c,128536285.5
IE,01/02/2021,band_d,72507615.7
IE,01/02/2021,band_e,1458213.4
IE,01/03/2021,lifeline,0
IE,01/03/2021,band_a,83408692.1
IE,01/03/2021,band_b,64187700.98
IE,01/03/2021,band_c,122433780.9
IE,01/03/2021,band_d,86829662.58
IE,01/03/2021,band_e,1307706.5
IE,01/04/2021,lifeline,0
IE,01/04/2021,band_a,83467278.3
IE,01/04/2021,band_b,61244461.3
IE,01/04/2021,band_c,108495664.2
IE,01/04/2021,band_d,79175786.8
IE,01/04/2021,band_e,1135940.4
IE,01/05/2021,lifeline,0
IE,01/05/2021,band_a,87217549.8
IE,01/05/2021,band_b,63937431.3
IE,01/05/2021,band_c,111340515.5
IE,01/05/2021,band_d,86915229.5
IE,01/05/2021,band_e,1447949.4
IE,01/06/2021,lifeline,0
IE,01/06/2021,band_a,80336627
IE,01/06/2021,band_b,55132526.2
IE,01/06/2021,band_c,101205532.7
IE,01/06/2021,band_d,79370408.2
IE,01/06/2021,band_e,1390337
IE,01/07/2021,lifeline,0
IE,01/07/2021,band_a,80405204.1
IE,01/07/2021,band_b,56743923
IE,01/07/2021,band_c,104654365.4
IE,01/07/2021,band_d,83052818.6
IE,01/07/2021,band_e,1705045.5
IE,01/08/2021,lifeline,0
IE,01/08/2021,band_a,89616970.4
IE,01/08/2021,band_b,56681209.9
IE,01/08/2021,band_c,109717084
IE,01/08/2021,band_d,77301166.7
IE,01/08/2021,band_e,1149000.8
IE,01/09/2021,lifeline,0
IE,01/09/2021,band_a,84035884.4
IE,01/09/2021,band_b,54301932.07
IE,01/09/2021,band_c,103989150.5
IE,01/09/2021,band_d,64779050
IE,01/09/2021,band_e,799328
IE,01/10/2021,lifeline,0
IE,01/10/2021,band_a,85354197.6
IE,01/10/2021,band_b,58052715.9
IE,01/10/2021,band_c,111497953.8
IE,01/10/2021,band_d,80306152.5
IE,01/10/2021,band_e,1480601.1
IE,01/11/2021,lifeline,0
IE,01/11/2021,band_a,83971603.1
IE,01/11/2021,band_b,56670561.3
IE,01/11/2021,band_c,115310854.4
IE,01/11/2021,band_d,70208847.7
IE,01/11/2021,band_e,895781.6
IE,01/12/2021,lifeline,0
IE,01/12/2021,band_a,87893040
IE,01/12/2021,band_b,61676347
IE,01/12/2021,band_c,121277302
IE,01/12/2021,band_d,79718503
IE,01/12/2021,band_e,1443130
IE,01/01/2022,lifeline,0
IE,01/01/2022,band_a,91850182.6
IE,01/01/2022,band_b,56044448.7
IE,01/01/2022,band_c,97132725.5
IE,01/01/2022,band_d,79706293.4
IE,01/01/2022,band_e,23805336.3
IE,01/02/2022,lifeline,0
IE,01/02/2022,band_a,83116337.4
IE,01/02/2022,band_b,51211423.8
IE,01/02/2022,band_c,87619002.4
IE,01/02/2022,band_d,55278889.5
IE,01/02/2022,band_e,22241163.8
IE,01/03/2022,lifeline,0
IE,01/03/2022,band_a,80680676
IE,01/03/2022,band_b,47059043
IE,01/03/2022,band_c,66964261
IE,01/03/2022,band_d,51104636
IE,01/03/2022,band_e,28559869
IE,01/04/2022,lifeline,0
IE,01/04/2022,band_a,76008419.5
IE,01/04/2022,band_b,45710264
IE,01/04/2022,band_c,71931657.1
IE,01/04/2022,band_d,56396417.2
IE,01/04/2022,band_e,24530648.3
IE,01/05/2022,lifeline,0
IE,01/05/2022,band_a,82849910.8
IE,01/05/2022,band_b,55504937.8
IE,01/05/2022,band_c,66757757.7
IE,01/05/2022,band_d,55797535.7
IE,01/05/2022,band_e,25442877.4
IE,01/06/2022,lifeline,0
IE,01/06/2022,band_a,67066319.1
IE,01/06/2022,band_b,35841232.5
IE,01/06/2022,band_c,55075146.2
IE,01/06/2022,band_d,48161611.8
IE,01/06/2022,band_e,28601533.8
IE,01/07/2022,lifeline,0
IE,01/07/2022,band_a,73729837.1
IE,01/07/2022,band_b,45241511.7
IE,01/07/2022,band_c,71671991
IE,01/07/2022,band_d,56747177.7
IE,01/07/2022,band_e,30617560.7
IE,01/08/2022,lifeline,0
IE,01/08/2022,band_a,79683569
IE,01/08/2022,band_b,55113531
IE,01/08/2022,band_c,99420950
IE,01/08/2022,band_d,61748701
IE,01/08/2022,band_e,17908302
IE,01/09/2022,lifeline,0
IE,01/09/2022,band_a,82131888
IE,01/09/2022,band_b,57068630
IE,01/09/2022,band_c,100150609
IE,01/09/2022,band_d,55355539
IE,01/09/2022,band_e,27857363
JEDC,01/11/2020,lifeline,251494
JEDC,01/11/2020,band_a,21980520.8
JEDC,01/11/2020,band_b,13714341.7
JEDC,01/11/2020,band_c,7672188.7
JEDC,01/11/2020,band_d,14918358.4
JEDC,01/11/2020,band_e,10313729.3
JEDC,01/12/2020,lifeline,248796.2
JEDC,01/12/2020,band_a,23667791
JEDC,01/12/2020,band_b,14655714.6
JEDC,01/12/2020,band_c,8678258.8
JEDC,01/12/2020,band_d,15117332.43
JEDC,01/12/2020,band_e,11392802.23
JEDC,01/01/2021,lifeline,314270
JEDC,01/01/2021,band_a,22721346
JEDC,01/01/2021,band_b,14313391
JEDC,01/01/2021,band_c,8573382
JEDC,01/01/2021,band_d,14819150
JEDC,01/01/2021,band_e,10810545
JEDC,01/02/2021,lifeline,269562
JEDC,01/02/2021,band_a,20413077
JEDC,01/02/2021,band_b,13115621
JEDC,01/02/2021,band_c,7743940
JEDC,01/02/2021,band_d,15275410
JEDC,01/02/2021,band_e,10996425
JEDC,01/03/2021,lifeline,306150
JEDC,01/03/2021,band_a,21663854
JEDC,01/03/2021,band_b,12870497
JEDC,01/03/2021,band_c,7342038
JEDC,01/03/2021,band_d,15027960
JEDC,01/03/2021,band_e,12840481
JEDC,01/04/2021,lifeline,271044
JEDC,01/04/2021,band_a,23965626
JEDC,01/04/2021,band_b,12547746
JEDC,01/04/2021,band_c,8494029
JEDC,01/04/2021,band_d,15450468
JEDC,01/04/2021,band_e,12644428
JEDC,01/05/2021,lifeline,271974
JEDC,01/05/2021,band_a,27619662
JEDC,01/05/2021,band_b,14729121
JEDC,01/05/2021,band_c,10004612
JEDC,01/05/2021,band_d,21435949
JEDC,01/05/2021,band_e,17008832
JEDC,01/06/2021,lifeline,302427
JEDC,01/06/2021,band_a,25795210
JEDC,01/06/2021,band_b,13659748
JEDC,01/06/2021,band_c,7989780
JEDC,01/06/2021,band_d,18073172
JEDC,01/06/2021,band_e,15664958
JEDC,01/07/2021,lifeline,255488.3
JEDC,01/07/2021,band_a,26621773.5
JEDC,01/07/2021,band_b,13060677.9
JEDC,01/07/2021,band_c,7982611.6
JEDC,01/07/2021,band_d,18583110.4
JEDC,01/07/2021,band_e,11599424.3
JEDC,01/08/2021,lifeline,241861.8
JEDC,01/08/2021,band_a,29930826.4
JEDC,01/08/2021,band_b,16391132.6
JEDC,01/08/2021,band_c,11064017.7
JEDC,01/08/2021,band_d,18909196.8
JEDC,01/08/2021,band_e,11812746.8
JEDC,01/09/2021,lifeline,241571.1
JEDC,01/09/2021,band_a,28677685.1
JEDC,01/09/2021,band_b,27742706.5
JEDC,01/09/2021,band_c,20791908
JEDC,01/09/2021,band_d,5095455.6
JEDC,01/09/2021,band_e,1861974.7
JEDC,01/10/2021,lifeline,271614.9
JEDC,01/10/2021,band_a,27102756.7
JEDC,01/10/2021,band_b,29903313.3
JEDC,01/10/2021,band_c,21856787.4
JEDC,01/10/2021,band_d,5938463.7
JEDC,01/10/2021,band_e,1783464
JEDC,01/11/2021,lifeline,246448.6
JEDC,01/11/2021,band_a,29177095.1
JEDC,01/11/2021,band_b,30521105
JEDC,01/11/2021,band_c,21885057
JEDC,01/11/2021,band_d,6030696.8
JEDC,01/11/2021,band_e,2073222.7
JEDC,01/12/2021,lifeline,299456.9
JEDC,01/12/2021,band_a,30160468.9
JEDC,01/12/2021,band_b,32163240.4
JEDC,01/12/2021,band_c,21820867.9
JEDC,01/12/2021,band_d,6053827.2
JEDC,01/12/2021,band_e,2405011.1
JEDC,01/01/2022,lifeline,231006.3
JEDC,01/01/2022,band_a,47150135.6
JEDC,01/01/2022,band_b,20856361.4
JEDC,01/01/2022,band_c,17960945.6
JEDC,01/01/2022,band_d,13992905.2
JEDC,01/01/2022,band_e,2527686
JEDC,01/02/2022,lifeline,0
JEDC,01/02/2022,band_a,52477835.8
JEDC,01/02/2022,band_b,19863840.1
JEDC,01/02/2022,band_c,15361278.7
JEDC,01/02/2022,band_d,6302627.3
JEDC,01/02/2022,band_e,2394702
JEDC,01/03/2022,lifeline,231234
JEDC,01/03/2022,band_a,41468095
JEDC,01/03/2022,band_b,16973926
JEDC,01/03/2022,band_c,13901269
JEDC,01/03/2022,band_d,6691725
JEDC,01/03/2022,band_e,2378520
JEDC,01/04/2022,lifeline,206136
JEDC,01/04/2022,band_a,50804077.3
JEDC,01/04/2022,band_b,18201652.2
JEDC,01/04/2022,band_c,15477063.2
JEDC,01/04/2022,band_d,7293598.8
JEDC,01/04/2022,band_e,1453628
JEDC,01/05/2022,lifeline,1814.1
JEDC,01/05/2022,band_a,52689596.6
JEDC,01/05/2022,band_b,19143210
JEDC,01/05/2022,band_c,12691903.2
JEDC,01/05/2022,band_d,6085595.5
JEDC,01/05/2022,band_e,1303426.4
JEDC,01/06/2022,lifeline,0
JEDC,01/06/2022,band_a,46917713.3
JEDC,01/06/2022,band_b,17134807.4
JEDC,01/06/2022,band_c,11965022.3
JEDC,01/06/2022,band_d,5189738.4
JEDC,01/06/2022,band_e,946934.6
JEDC,01/07/2022,lifeline,232.6
JEDC,01/07/2022,band_a,42910724.1
JEDC,01/07/2022,band_b,19498924.5
JEDC,01/07/2022,band_c,14101558.4
JEDC,01/07/2022,band_d,7216536.7
JEDC,01/07/2022,band_e,780664
JEDC,01/08/2022,lifeline,650
JEDC,01/08/2022,band_a,40865284.8
JEDC,01/08/2022,band_b,20858773.3
JEDC,01/08/2022,band_c,14788589.9
JEDC,01/08/2022,band_d,6676084.3
JEDC,01/08/2022,band_e,709833
JEDC,01/09/2022,lifeline,650
JEDC,01/09/2022,band_a,40167450.8
JEDC,01/09/2022,band_b,21419308.9
JEDC,01/09/2022,band_c,18558219.4
JEDC,01/09/2022,band_d,8927029.7
JEDC,01/09/2022,band_e,682527.9
KE,01/11/2020,lifeline,732098.55
KE,01/11/2020,band_a,71240791.17
KE,01/11/2020,band_b,19081312.96
KE,01/11/2020,band_c,16124367.44
KE,01/11/2020,band_d,10754611.01
KE,01/11/2020,band_e,5963128.08
KE,01/12/2020,lifeline,728784
KE,01/12/2020,band_a,76409688.78
KE,01/12/2020,band_b,25527594.69
KE,01/12/2020,band_c,20826805.91
KE,01/12/2020,band_d,15388997.67
KE,01/12/2020,band_e,10241831.31
KE,01/01/2021,lifeline,1506458.16
KE,01/01/2021,band_a,72180146.84
KE,01/01/2021,band_b,25838237.88
KE,01/01/2021,band_c,18875502.78
KE,01/01/2021,band_d,16192677.43
KE,01/01/2021,band_e,10053556.8
KE,01/02/2021,lifeline,1106302.95
KE,01/02/2021,band_a,70243392.81
KE,01/02/2021,band_b,24780485.18
KE,01/02/2021,band_c,19845802.27
KE,01/02/2021,band_d,14782877.14
KE,01/02/2021,band_e,7853958.15
KE,01/03/2021,lifeline,1048913.44
KE,01/03/2021,band_a,64961361.83
KE,01/03/2021,band_b,21737354.35
KE,01/03/2021,band_c,18558757.6
KE,01/03/2021,band_d,14740744.12
KE,01/03/2021,band_e,8465162.87
KE,01/04/2021,lifeline,85347.51
KE,01/04/2021,band_a,77479553.47
KE,01/04/2021,band_b,24475434.67
KE,01/04/2021,band_c,22415785.96
KE,01/04/2021,band_d,16508135.19
KE,01/04/2021,band_e,9285782.04
KE,01/05/2021,lifeline,105517.08
KE,01/05/2021,band_a,77371113.32
KE,01/05/2021,band_b,27606961.19
KE,01/05/2021,band_c,26824509.01
KE,01/05/2021,band_d,15622154.33
KE,01/05/2021,band_e,8782108.55
KE,01/06/2021,lifeline,95342.85
KE,01/06/2021,band_a,70797257.35
KE,01/06/2021,band_b,27458680.06
KE,01/06/2021,band_c,24329333.32
KE,01/06/2021,band_d,16223754.44
KE,01/06/2021,band_e,8280593.1
KE,01/07/2021,lifeline,114025.34
KE,01/07/2021,band_a,73240027.48
KE,01/07/2021,band_b,24146397.93
KE,01/07/2021,band_c,21128515.59
KE,01/07/2021,band_d,13952334.78
KE,01/07/2021,band_e,6583508.94
KE,01/08/2021,lifeline,118268.72
KE,01/08/2021,band_a,69921613.5
KE,01/08/2021,band_b,26253570.63
KE,01/08/2021,band_c,22526406.98
KE,01/08/2021,band_d,14520314.09
KE,01/08/2021,band_e,8679420.04
KE,01/09/2021,lifeline,120482.17
KE,01/09/2021,band_a,77144464.31
KE,01/09/2021,band_b,25404100.7
KE,01/09/2021,band_c,22280191.22
KE,01/09/2021,band_d,15487149.67
KE,01/09/2021,band_e,7801712.82
KE,01/10/2021,lifeline,125787.95
KE,01/10/2021,band_a,48263807.05
KE,01/10/2021,band_b,37401929.6
KE,01/10/2021,band_c,31694710
KE,01/10/2021,band_d,28241799.65
KE,01/10/2021,band_e,13082930.85
KE,01/11/2021,lifeline,97538.24
KE,01/11/2021,band_a,50441878.81
KE,01/11/2021,band_b,36478710.57
KE,01/11/2021,band_c,31741561.78
KE,01/11/2021,band_d,29753558.51
KE,01/11/2021,band_e,13637837.23
KE,01/12/2021,lifeline,98202.95
KE,01/12/2021,band_a,44976478.83
KE,01/12/2021,band_b,34655815.5
KE,01/12/2021,band_c,30721584.53
KE,01/12/2021,band_d,30077478.54
KE,01/12/2021,band_e,14904505.62
KE,01/01/2022,lifeline,195.62
KE,01/01/2022,band_a,53650359.53
KE,01/01/2022,band_b,35584928.61
KE,01/01/2022,band_c,38271993.69
KE,01/01/2022,band_d,26777566.23
KE,01/01/2022,band_e,14080532.72
KE,01/02/2022,lifeline,2302.25
KE,01/02/2022,band_a,48577331.57
KE,01/02/2022,band_b,36417975.35
KE,01/02/2022,band_c,34757843.29
KE,01/02/2022,band_d,24347556.19
KE,01/02/2022,band_e,11517286.06
KE,01/03/2022,lifeline,0
KE,01/03/2022,band_a,49462497.96
KE,01/03/2022,band_b,29940333.63
KE,01/03/2022,band_c,32413469.43
KE,01/03/2022,band_d,23092393.73
KE,01/03/2022,band_e,10332598.58
KE,01/04/2022,lifeline,0
KE,01/04/2022,band_a,51025757.72
KE,01/04/2022,band_b,33747771.31
KE,01/04/2022,band_c,35419324.4
KE,01/04/2022,band_d,23965930.41
KE,01/04/2022,band_e,11290859.13
KE,01/05/2022,lifeline,0
KE,01/05/2022,band_a,46513410.53
KE,01/05/2022,band_b,29786152.07
KE,01/05/2022,band_c,30673971.69
KE,01/05/2022,band_d,20792880.23
KE,01/05/2022,band_e,8089355.73
KE,01/06/2022,lifeline,0
KE,01/06/2022,band_a,27892529.25
KE,01/06/2022,band_b,17628147.47
KE,01/06/2022,band_c,22037599.88
KE,01/06/2022,band_d,18065919.79
KE,01/06/2022,band_e,7836450.09
KE,01/07/2022,lifeline,0
KE,01/07/2022,band_a,24528025.7
KE,01/07/2022,band_b,16879440.52
KE,01/07/2022,band_c,20698916.4
KE,01/07/2022,band_d,14667019.04
KE,01/07/2022,band_e,7779959.63
KE,01/08/2022,lifeline,0
KE,01/08/2022,band_a,26751192.47
KE,01/08/2022,band_b,16377114.98
KE,01/08/2022,band_c,17792478.93
KE,01/08/2022,band_d,13707677.63
KE,01/08/2022,band_e,6376567.14
KE,01/09/2022,lifeline,0
KE,01/09/2022,band_a,26986081.31
KE,01/09/2022,band_b,15780083.29
KE,01/09/2022,band_c,18061661.67
KE,01/09/2022,band_d,13178267.07
KE,01/09/2022,band_e,6402173.09
KEDCO,01/11/2020,lifeline,538217
KEDCO,01/11/2020,band_a,33063939.78
KEDCO,01/11/2020,band_b,14065989.91
KEDCO,01/11/2020,band_c,26482511.2
KEDCO,01/11/2020,band_d,31153855.43
KEDCO,01/11/2020,band_e,18535923.39
KEDCO,01/12/2020,lifeline,542914
KEDCO,01/12/2020,band_a,32501921.44
KEDCO,01/12/2020,band_b,13643396.06
KEDCO,01/12/2020,band_c,27052667.95
KEDCO,01/12/2020,band_d,30927346.97
KEDCO,01/12/2020,band_e,18519434.48
KEDCO,01/01/2021,lifeline,582122
KEDCO,01/01/2021,band_a,29399682.48
KEDCO,01/01/2021,band_b,12008077.05
KEDCO,01/01/2021,band_c,27827082.85
KEDCO,01/01/2021,band_d,32159962.25
KEDCO,01/01/2021,band_e,17843552.27
KEDCO,01/02/2021,lifeline,614241
KEDCO,01/02/2021,band_a,28792277.86
KEDCO,01/02/2021,band_b,12204414.02
KEDCO,01/02/2021,band_c,26788100.07
KEDCO,01/02/2021,band_d,33479104.92
KEDCO,01/02/2021,band_e,19638136.48
KEDCO,01/03/2021,lifeline,606093
KEDCO,01/03/2021,band_a,30842357.03
KEDCO,01/03/2021,band_b,14228663.86
KEDCO,01/03/2021,band_c,31941360.91
KEDCO,01/03/2021,band_d,35446919.27
KEDCO,01/03/2021,band_e,19091775.55
KEDCO,01/04/2021,lifeline,886516
KEDCO,01/04/2021,band_a,28966828.03
KEDCO,01/04/2021,band_b,11701917.86
KEDCO,01/04/2021,band_c,29829804.91
KEDCO,01/04/2021,band_d,33819217.27
KEDCO,01/04/2021,band_e,19790582.55
KEDCO,01/05/2021,lifeline,593327
KEDCO,01/05/2021,band_a,25173889.51
KEDCO,01/05/2021,band_b,14637007.3
KEDCO,01/05/2021,band_c,27524749.26
KEDCO,01/05/2021,band_d,31893048.81
KEDCO,01/05/2021,band_e,15260044.45
KEDCO,01/06/2021,lifeline,619069
KEDCO,01/06/2021,band_a,27129466.81
KEDCO,01/06/2021,band_b,13249129.03
KEDCO,01/06/2021,band_c,23258963.29
KEDCO,01/06/2021,band_d,30534535.52
KEDCO,01/06/2021,band_e,13905928.1
KEDCO,01/07/2021,lifeline,529896
KEDCO,01/07/2021,band_a,25351939.58
KEDCO,01/07/2021,band_b,10081857.15
KEDCO,01/07/2021,band_c,21727239.96
KEDCO,01/07/2021,band_d,28187174.22
KEDCO,01/07/2021,band_e,12273185.16
KEDCO,01/08/2021,lifeline,551295
KEDCO,01/08/2021,band_a,27853930.4
KEDCO,01/08/2021,band_b,11080969.17
KEDCO,01/08/2021,band_c,25538148.47
KEDCO,01/08/2021,band_d,34702157.09
KEDCO,01/08/2021,band_e,16207460.74
KEDCO,01/09/2021,lifeline,573354
KEDCO,01/09/2021,band_a,27949354.38
KEDCO,01/09/2021,band_b,9189182.4
KEDCO,01/09/2021,band_c,23097225.47
KEDCO,01/09/2021,band_d,32028626.29
KEDCO,01/09/2021,band_e,14154680.74
KEDCO,01/10/2021,lifeline,752974
KEDCO,01/10/2021,band_a,31327488.6
KEDCO,01/10/2021,band_b,10439366.93
KEDCO,01/10/2021,band_c,23270843.57
KEDCO,01/10/2021,band_d,42162079.27
KEDCO,01/10/2021,band_e,19988096.7
KEDCO,01/11/2021,lifeline,720198
KEDCO,01/11/2021,band_a,35879820.89
KEDCO,01/11/2021,band_b,10597120.85
KEDCO,01/11/2021,band_c,23550497.05
KEDCO,01/11/2021,band_d,45400832.69
KEDCO,01/11/2021,band_e,20393652.51
KEDCO,01/12/2021,lifeline,840707
KEDCO,01/12/2021,band_a,35318534
KEDCO,01/12/2021,band_b,8396828
KEDCO,01/12/2021,band_c,17408631
KEDCO,01/12/2021,band_d,52446376
KEDCO,01/12/2021,band_e,22721019
KEDCO,01/01/2022,lifeline,877930
KEDCO,01/01/2022,band_a,34936117.3
KEDCO,01/01/2022,band_b,10166698.5
KEDCO,01/01/2022,band_c,18901182.25
KEDCO,01/01/2022,band_d,51683875.53
KEDCO,01/01/2022,band_e,24406934.86
KEDCO,01/02/2022,lifeline,767095
KEDCO,01/02/2022,band_a,47441325.51
KEDCO,01/02/2022,band_b,10976829.72
KEDCO,01/02/2022,band_c,31851191.87
KEDCO,01/02/2022,band_d,25693179.2
KEDCO,01/02/2022,band_e,9363056.95
KEDCO,01/03/2022,lifeline,826151
KEDCO,01/03/2022,band_a,44483542.69
KEDCO,01/03/2022,band_b,9614598.39
KEDCO,01/03/2022,band_c,24275381.48
KEDCO,01/03/2022,band_d,18914511.74
KEDCO,01/03/2022,band_e,7078157.48
KEDCO,01/04/2022,lifeline,1600604
KEDCO,01/04/2022,band_a,43707205.34
KEDCO,01/04/2022,band_b,9286306.3
KEDCO,01/04/2022,band_c,26183375.14
KEDCO,01/04/2022,band_d,20749068.31
KEDCO,01/04/2022,band_e,7779238.72
KEDCO,01/05/2022,lifeline,2040711
KEDCO,01/05/2022,band_a,40819296
KEDCO,01/05/2022,band_b,8146381
KEDCO,01/05/2022,band_c,22023272
KEDCO,01/05/2022,band_d,16282564
KEDCO,01/05/2022,band_e,6660050
KEDCO,01/06/2022,lifeline,913853
KEDCO,01/06/2022,band_a,39862401.94
KEDCO,01/06/2022,band_b,7572869.68
KEDCO,01/06/2022,band_c,19567933.45
KEDCO,01/06/2022,band_d,14080197.39
KEDCO,01/06/2022,band_e,4282584.53
KEDCO,01/07/2022,lifeline,1464207
KEDCO,01/07/2022,band_a,42271867.37
KEDCO,01/07/2022,band_b,9299423.4
KEDCO,01/07/2022,band_c,24933960.27
KEDCO,01/07/2022,band_d,18108103.53
KEDCO,01/07/2022,band_e,5225877.37
KEDCO,01/08/2022,lifeline,1562755
KEDCO,01/08/2022,band_a,47565864.23
KEDCO,01/08/2022,band_b,10863252.08
KEDCO,01/08/2022,band_c,28382522.41
KEDCO,01/08/2022,band_d,21892023.17
KEDCO,01/08/2022,band_e,6100940.73
KEDCO,01/09/2022,lifeline,861097
KEDCO,01/09/2022,band_a,46777298.9
KEDCO,01/09/2022,band_b,8953953.58
KEDCO,01/09/2022,band_c,22632702.85
KEDCO,01/09/2022,band_d,19496304.55
KEDCO,01/09/2022,band_e,5309416.09
PHEDC,01/11/2020,lifeline,32193.02
PHEDC,01/11/2020,band_a,29817921.35
PHEDC,01/11/2020,band_b,25974765.06
PHEDC,01/11/2020,band_c,24505652.08
PHEDC,01/11/2020,band_d,57173377.91
PHEDC,01/11/2020,band_e,16488556.58
PHEDC,01/12/2020,lifeline,42936.24
PHEDC,01/12/2020,band_a,27581849.71
PHEDC,01/12/2020,band_b,28987296.87
PHEDC,01/12/2020,band_c,16898187.21
PHEDC,01/12/2020,band_d,49565206.4
PHEDC,01/12/2020,band_e,19196425.79
PHEDC,01/01/2021,lifeline,45285.62
PHEDC,01/01/2021,band_a,28664963.54
PHEDC,01/01/2021,band_b,26438489.41
PHEDC,01/01/2021,band_c,24019953.65
PHEDC,01/01/2021,band_d,43626623.9
PHEDC,01/01/2021,band_e,13158001.05
PHEDC,01/02/2021,lifeline,107406.5
PHEDC,01/02/2021,band_a,32063090.87
PHEDC,01/02/2021,band_b,29219419.24
PHEDC,01/02/2021,band_c,22375232.61
PHEDC,01/02/2021,band_d,45693737.68
PHEDC,01/02/2021,band_e,9100089.41
PHEDC,01/03/2021,lifeline,124550.61
PHEDC,01/03/2021,band_a,33991730.83
PHEDC,01/03/2021,band_b,27967328.19
PHEDC,01/03/2021,band_c,26276842.4
PHEDC,01/03/2021,band_d,48851335.01
PHEDC,01/03/2021,band_e,9167424.21
PHEDC,01/04/2021,lifeline,129234.58
PHEDC,01/04/2021,band_a,32233538.12
PHEDC,01/04/2021,band_b,27694046.89
PHEDC,01/04/2021,band_c,24239604.17
PHEDC,01/04/2021,band_d,49182147.31
PHEDC,01/04/2021,band_e,11304424.61
PHEDC,01/05/2021,lifeline,82462.6
PHEDC,01/05/2021,band_a,20776979.2
PHEDC,01/05/2021,band_b,21782552.1
PHEDC,01/05/2021,band_c,24483271.46
PHEDC,01/05/2021,band_d,55167921.31
PHEDC,01/05/2021,band_e,13451480.13
PHEDC,01/06/2021,lifeline,122923.38
PHEDC,01/06/2021,band_a,22628120.24
PHEDC,01/06/2021,band_b,23433416.07
PHEDC,01/06/2021,band_c,18804945.91
PHEDC,01/06/2021,band_d,53871820.38
PHEDC,01/06/2021,band_e,8851569.97
PHEDC,01/07/2021,lifeline,193053.67
PHEDC,01/07/2021,band_a,17264336.94
PHEDC,01/07/2021,band_b,25822497.98
PHEDC,01/07/2021,band_c,24456599.62
PHEDC,01/07/2021,band_d,47834577
PHEDC,01/07/2021,band_e,16781117.17
PHEDC,01/08/2021,lifeline,154700.07
PHEDC,01/08/2021,band_a,24358998.59
PHEDC,01/08/2021,band_b,27551790.28
PHEDC,01/08/2021,band_c,14177119.55
PHEDC,01/08/2021,band_d,54352536.49
PHEDC,01/08/2021,band_e,17209784.17
PHEDC,01/09/2021,lifeline,137338
PHEDC,01/09/2021,band_a,24514138
PHEDC,01/09/2021,band_b,19656230.62
PHEDC,01/09/2021,band_c,15516273.1
PHEDC,01/09/2021,band_d,59656212
PHEDC,01/09/2021,band_e,10118339
PHEDC,01/10/2021,lifeline,81072.2
PHEDC,01/10/2021,band_a,29655159
PHEDC,01/10/2021,band_b,23115807.59
PHEDC,01/10/2021,band_c,15959866.44
PHEDC,01/10/2021,band_d,60555484.91
PHEDC,01/10/2021,band_e,8492654.83
PHEDC,01/11/2021,lifeline,85859.1
PHEDC,01/11/2021,band_a,29801949.68
PHEDC,01/11/2021,band_b,22141804.66
PHEDC,01/11/2021,band_c,13955728.29
PHEDC,01/11/2021,band_d,55191424.64
PHEDC,01/11/2021,band_e,8064995.08
PHEDC,01/12/2021,lifeline,3500
PHEDC,01/12/2021,band_a,33326023.68
PHEDC,01/12/2021,band_b,18850941.9
PHEDC,01/12/2021,band_c,23203358.28
PHEDC,01/12/2021,band_d,44336018.82
PHEDC,01/12/2021,band_e,9728772.66
PHEDC,01/01/2022,lifeline,20122.16
PHEDC,01/01/2022,band_a,36498906.14
PHEDC,01/01/2022,band_b,21318899.18
PHEDC,01/01/2022,band_c,22385012.9
PHEDC,01/01/2022,band_d,40982257.67
PHEDC,01/01/2022,band_e,8545633.75
PHEDC,01/02/2022,lifeline,45446.93
PHEDC,01/02/2022,band_a,35526031.36
PHEDC,01/02/2022,band_b,20541153
PHEDC,01/02/2022,band_c,25483550.66
PHEDC,01/02/2022,band_d,43363493.16
PHEDC,01/02/2022,band_e,11410801.03
PHEDC,01/03/2022,lifeline,59257.52
PHEDC,01/03/2022,band_a,38428785.19
PHEDC,01/03/2022,band_b,20138328.02
PHEDC,01/03/2022,band_c,23519353.04
PHEDC,01/03/2022,band_d,42834218.47
PHEDC,01/03/2022,band_e,9650837.74
PHEDC,01/04/2022,lifeline,740
PHEDC,01/04/2022,band_a,32119601.65
PHEDC,01/04/2022,band_b,19980502.78
PHEDC,01/04/2022,band_c,21708120.38
PHEDC,01/04/2022,band_d,41560751.08
PHEDC,01/04/2022,band_e,7649396.79
PHEDC,01/05/2022,lifeline,938.84
PHEDC,01/05/2022,band_a,33877427.88
PHEDC,01/05/2022,band_b,18067026.72
PHEDC,01/05/2022,band_c,18983356.71
PHEDC,01/05/2022,band_d,41434415.67
PHEDC,01/05/2022,band_e,6991365.98
PHEDC,01/06/2022,lifeline,99731.08
PHEDC,01/06/2022,band_a,40665674.89
PHEDC,01/06/2022,band_b,15997435.38
PHEDC,01/06/2022,band_c,22998787.08
PHEDC,01/06/2022,band_d,33818795.58
PHEDC,01/06/2022,band_e,7745266.15
PHEDC,01/07/2022,lifeline,9438.58
PHEDC,01/07/2022,band_a,44061222.75
PHEDC,01/07/2022,band_b,16212317.46
PHEDC,01/07/2022,band_c,30690780.93
PHEDC,01/07/2022,band_d,43974914.69
PHEDC,01/07/2022,band_e,8438025.19
PHEDC,01/08/2022,lifeline,7686.78
PHEDC,01/08/2022,band_a,43613348.94
PHEDC,01/08/2022,band_b,16204311.45
PHEDC,01/08/2022,band_c,33903254.5
PHEDC,01/08/2022,band_d,39442411.07
PHEDC,01/08/2022,band_e,8219570.68
PHEDC,01/09/2022,lifeline,11389.86
PHEDC,01/09/2022,band_a,45582929.34
PHEDC,01/09/2022,band_b,15117143.24
PHEDC,01/09/2022,band_c,32534689.47
PHEDC,01/09/2022,band_d,38835449.1
PHEDC,01/09/2022,band_e,8713908.54
YEDC,01/11/2020,lifeline,0
YEDC,01/11/2020,band_a,0
YEDC,01/11/2020,band_b,0
YEDC,01/11/2020,band_c,36654302.96
YEDC,01/11/2020,band_d,9062541.72
YEDC,01/11/2020,band_e,0
YEDC,01/12/2020,lifeline,0
YEDC,01/12/2020,band_a,0
YEDC,01/12/2020,band_b,0
YEDC,01/12/2020,band_c,36738974.99
YEDC,01/12/2020,band_d,10465715.7
YEDC,01/12/2020,band_e,0
YEDC,01/01/2021,lifeline,0
YEDC,01/01/2021,band_a,0
YEDC,01/01/2021,band_b,0
YEDC,01/01/2021,band_c,33272901.32
YEDC,01/01/2021,band_d,10665496.3
YEDC,01/01/2021,band_e,0
YEDC,01/02/2021,lifeline,0
YEDC,01/02/2021,band_a,0
YEDC,01/02/2021,band_b,0
YEDC,01/02/2021,band_c,21214740.9
YEDC,01/02/2021,band_d,10559641.3
YEDC,01/02/2021,band_e,0
YEDC,01/03/2021,lifeline,0
YEDC,01/03/2021,band_a,0
YEDC,01/03/2021,band_b,0
YEDC,01/03/2021,band_c,25336374.8
YEDC,01/03/2021,band_d,11068266.7
YEDC,01/03/2021,band_e,0
YEDC,01/04/2021,lifeline,0
YEDC,01/04/2021,band_a,16241052
YEDC,01/04/2021,band_b,5068010
YEDC,01/04/2021,band_c,10005394.2
YEDC,01/04/2021,band_d,2423945.9
YEDC,01/04/2021,band_e,0
YEDC,01/05/2021,lifeline,0
YEDC,01/05/2021,band_a,19596401
YEDC,01/05/2021,band_b,4060852.1
YEDC,01/05/2021,band_c,8461183.9
YEDC,01/05/2021,band_d,1237127.9
YEDC,01/05/2021,band_e,0
YEDC,01/06/2021,lifeline,0
YEDC,01/06/2021,band_a,17663381.6
YEDC,01/06/2021,band_b,3970994.5
YEDC,01/06/2021,band_c,8461327.7
YEDC,01/06/2021,band_d,1398832.3
YEDC,01/06/2021,band_e,0
YEDC,01/07/2021,lifeline,0
YEDC,01/07/2021,band_a,18021800.9
YEDC,01/07/2021,band_b,4107225.2
YEDC,01/07/2021,band_c,8585724.5
YEDC,01/07/2021,band_d,2861756.3
YEDC,01/07/2021,band_e,0
YEDC,01/08/2021,lifeline,120744
YEDC,01/08/2021,band_a,18288443.51
YEDC,01/08/2021,band_b,3907218.48
YEDC,01/08/2021,band_c,8505843.2
YEDC,01/08/2021,band_d,1553047.6
YEDC,01/08/2021,band_e,0
YEDC,01/09/2021,lifeline,118808
YEDC,01/09/2021,band_a,17455227.5
YEDC,01/09/2021,band_b,3684334.4
YEDC,01/09/2021,band_c,8320113.7
YEDC,01/09/2021,band_d,2139271.6
YEDC,01/09/2021,band_e,0
YEDC,01/10/2021,lifeline,112097
YEDC,01/10/2021,band_a,18281032.8
YEDC,01/10/2021,band_b,3922220.9
YEDC,01/10/2021,band_c,8568638.59
YEDC,01/10/2021,band_d,1588931.8
YEDC,01/10/2021,band_e,0
YEDC,01/11/2021,lifeline,119141
YEDC,01/11/2021,band_a,18898529.24
YEDC,01/11/2021,band_b,3990954.6
YEDC,01/11/2021,band_c,8688878.9
YEDC,01/11/2021,band_d,1721430.4
YEDC,01/11/2021,band_e,0
YEDC,01/12/2021,lifeline,1103445
YEDC,01/12/2021,band_a,24277400.97
YEDC,01/12/2021,band_b,5620938.8
YEDC,01/12/2021,band_c,11848901.9
YEDC,01/12/2021,band_d,1997718.4
YEDC,01/12/2021,band_e,0
YEDC,01/01/2022,lifeline,1107593
YEDC,01/01/2022,band_a,21493773.9
YEDC,01/01/2022,band_b,5692886.7
YEDC,01/01/2022,band_c,11266977.3
YEDC,01/01/2022,band_d,3084007.2
YEDC,01/01/2022,band_e,0
YEDC,01/02/2022,lifeline,127918
YEDC,01/02/2022,band_a,21378747
YEDC,01/02/2022,band_b,5882125
YEDC,01/02/2022,band_c,11606734.6
YEDC,01/02/2022,band_d,3094125.3
YEDC,01/02/2022,band_e,0
YEDC,01/03/2022,lifeline,129270
YEDC,01/03/2022,band_a,24764133.1
YEDC,01/03/2022,band_b,6385794.8
YEDC,01/03/2022,band_c,12581491
YEDC,01/03/2022,band_d,2557541.6
YEDC,01/03/2022,band_e,0
YEDC,01/04/2022,lifeline,139186
YEDC,01/04/2022,band_a,25539082.46
YEDC,01/04/2022,band_b,5778254.6
YEDC,01/04/2022,band_c,10864811.39
YEDC,01/04/2022,band_d,1872190.6
YEDC,01/04/2022,band_e,0
YEDC,01/05/2022,lifeline,96790
YEDC,01/05/2022,band_a,21365209.14
YEDC,01/05/2022,band_b,6518804.71
YEDC,01/05/2022,band_c,7908892.69
YEDC,01/05/2022,band_d,1717384
YEDC,01/05/2022,band_e,0
YEDC,01/06/2022,lifeline,133497
YEDC,01/06/2022,band_a,18576933.67
YEDC,01/06/2022,band_b,4614948.75
YEDC,01/06/2022,band_c,8617777.97
YEDC,01/06/2022,band_d,2429333.45
YEDC,01/06/2022,band_e,0
YEDC,01/07/2022,lifeline,31972
YEDC,01/07/2022,band_a,18722945.29
YEDC,01/07/2022,band_b,4908948.56
YEDC,01/07/2022,band_c,10629097.65
YEDC,01/07/2022,band_d,2588278.77
YEDC,01/07/2022,band_e,0
YEDC,01/08/2022,lifeline,35335
YEDC,01/08/2022,band_a,18826651.61
YEDC,01/08/2022,band_b,3742508.05
YEDC,01/08/2022,band_c,10985734.73
YEDC,01/08/2022,band_d,2553976.04
YEDC,01/08/2022,band_e,0
YEDC,01/09/2022,lifeline,3590
YEDC,01/09/2022,band_a,22250759.72
YEDC,01/09/2022,band_b,4438789.81
YEDC,01/09/2022,band_c,7952203.812
YEDC,01/09/2022,band_d,2733219.54
YEDC,01/09/2022,band_e,0
